song_id,song_name,artist_name,artist_id,release_date,popularity,danceability,energy,key,loudness,mode,speechiness,acousticness,instrumentalness,liveness,valence,tempo,duration_ms,time_signature,song_code
1BxfuPKGuaTgP7aM0Bbdwr,Cruel Summer,Taylor Swift,06HL4z0CvFAxyc27GXpf02,2019-08-23,99,0.552,0.702,9.0,-5.707,1.0,0.157,0.117,2.06e-05,0.105,0.564,169.994,178427.0,4.0,aa
1Iq8oo9XkmmvCQiGOfORiz,Is It Over Now? (Taylor's Version) (From The Vault),Taylor Swift,06HL4z0CvFAxyc27GXpf02,2023-10-26,93,0.596,0.658,0.0,-7.346,1.0,0.036,0.0504,0.0,0.127,0.176,100.012,229478.0,4.0,bb
0V3wPSX9ygBnCm8psDIegu,Anti-Hero,Taylor Swift,06HL4z0CvFAxyc27GXpf02,2022-10-21,92,0.637,0.643,4.0,-6.571,1.0,0.0519,0.13,1.8e-06,0.142,0.533,97.008,200690.0,4.0,cc
2YSzYUF3jWqb9YP9VXmpjE,IDGAF (feat. Yeat),Drake,3TVXtAsR1Inumwj472S9r4,2023-10-06,92,0.663,0.67,8.0,-8.399,1.0,0.271,0.0464,8.92e-05,0.205,0.138,136.952,260111.0,4.0,aa
1yeB8MUNeLo9Ek1UEpsyz6,Rich Baby Daddy (feat. Sexyy Red & SZA),Drake,3TVXtAsR1Inumwj472S9r4,2023-10-06,92,0.645,0.729,2.0,-4.56,1.0,0.0528,0.0377,0.0,0.384,0.142,146.01,319192.0,4.0,bb
7aqfrAY2p9BUSiupwk3svU,First Person Shooter (feat. J. Cole),Drake,3TVXtAsR1Inumwj472S9r4,2023-10-06,90,0.47,0.64,2.0,-7.779,1.0,0.32,0.0277,0.0,0.382,0.248,163.92,247444.0,4.0,cc
7CyPwkp0oE8Ro9Dd5CUDjW,"One Of The Girls (with JENNIE, Lily Rose Depp)",The Weeknd,1Xyo4u8uXC1ZmMpatF05PJ,2023-06-23,97,0.522,0.641,8.0,-6.287,1.0,0.0318,0.0545,0.0,0.162,0.202,87.51,244685.0,4.0,aa
6WzRpISELf3YglGAh7TXcG,Popular (with Playboi Carti & Madonna) - Music from the HBO Original Series,The Weeknd,1Xyo4u8uXC1ZmMpatF05PJ,2023-06-02,95,0.855,0.678,1.0,-6.276,1.0,0.189,0.0569,3.69e-05,0.412,0.852,99.029,215467.0,4.0,bb
7MXVkk9YMctZqd1Srtv4MB,Starboy,The Weeknd,1Xyo4u8uXC1ZmMpatF05PJ,2016-11-25,94,0.679,0.587,7.0,-7.015,1.0,0.276,0.141,6.35e-06,0.137,0.486,186.003,230453.0,4.0,cc
5XeFesFbtLpXzIVDNQP22n,I Wanna Be Yours,Arctic Monkeys,7Ln80lUS6He07XvHI8qqHH,2013-09-09,96,0.464,0.417,0.0,-9.345,0.0,0.0256,0.136,0.022,0.0974,0.479,67.528,183956.0,4.0,aa
0BxE4FqsDD1Ot4YuBXwAPp,505,Arctic Monkeys,7Ln80lUS6He07XvHI8qqHH,2007-04-22,88,0.526,0.866,0.0,-5.822,1.0,0.0568,0.00287,7.78e-05,0.0945,0.248,140.266,253587.0,4.0,bb
086myS9r57YsLbJpU0TgK9,Why'd You Only Call Me When You're High?,Arctic Monkeys,7Ln80lUS6He07XvHI8qqHH,2013-09-09,91,0.691,0.631,2.0,-6.478,1.0,0.0368,0.0483,1.13e-05,0.104,0.8,92.004,161124.0,4.0,cc
0tgVpDi06FyKpA1z0VMD4v,Perfect,Ed Sheeran,6eUKZXaKkcviH0Ku9w2n3V,2017-03-03,90,0.599,0.448,8.0,-6.312,1.0,0.0232,0.163,0.0,0.106,0.168,95.05,263400.0,3.0,aa
7qiZfU4dY1lWllzX7mPBI3,Shape of You,Ed Sheeran,6eUKZXaKkcviH0Ku9w2n3V,2017-03-03,89,0.825,0.652,1.0,-3.183,0.0,0.0802,0.581,0.0,0.0931,0.931,95.977,233713.0,4.0,bb
4EWCNWgDS8707fNSZ1oaA5,Heartless,Kanye West,5K4W6rqBFWDnAN6FQUkS6x,2008-11-24,91,0.79,0.647,10.0,-5.983,0.0,0.136,0.0515,0.0,0.248,0.654,87.999,211000.0,4.0,cc
5TRPicyLGbAF2LGBFbHGvO,Flashing Lights,Kanye West,5K4W6rqBFWDnAN6FQUkS6x,2007-09-11,90,0.639,0.628,6.0,-7.578,0.0,0.0399,0.0381,0.0,0.386,0.43,90.482,237507.0,4.0,aa
4KW1lqgSr8TKrvBII0Brf8,Father Stretch My Hands Pt. 1,Kanye West,5K4W6rqBFWDnAN6FQUkS6x,2016-06-10,90,0.724,0.573,7.0,-4.113,1.0,0.0549,0.118,0.0,0.538,0.438,113.088,135920.0,4.0,bb
7lQ8MOhq6IN2w8EYcFNSUk,Without Me,Eminem,7dGJo4pcD2V6oG8kP0tJRR,2002-05-26,91,0.908,0.669,7.0,-2.827,1.0,0.0738,0.00286,0.0,0.237,0.662,112.238,290320.0,4.0,cc
561jH07mF1jHuk7KlaeF0s,Mockingbird,Eminem,7dGJo4pcD2V6oG8kP0tJRR,2004-11-12,91,0.637,0.678,0.0,-3.798,1.0,0.266,0.209,0.0,0.156,0.254,84.039,250760.0,4.0,aa
3yfqSUWxFvZELEM4PmlwIR,The Real Slim Shady,Eminem,7dGJo4pcD2V6oG8kP0tJRR,2000-05-23,90,0.949,0.661,5.0,-4.244,0.0,0.0572,0.0302,0.0,0.0454,0.76,104.504,284200.0,4.0,bb
2FDTHlrBguDzQkp7PVj16Q,Sprinter,Dave,6Ip8FS7vWT1uKkJSweANQK,2023-06-01,90,0.916,0.583,1.0,-8.067,1.0,0.241,0.186,0.0,0.0798,0.661,141.095,226383.0,4.0,cc
3z4CGd63tpUn9a6oQSG0CI,Location (feat. Burna Boy),Dave,6Ip8FS7vWT1uKkJSweANQK,2019-03-08,80,0.812,0.496,9.0,-5.969,0.0,0.297,0.271,0.0,0.0955,0.55,109.979,241293.0,4.0,aa
6j3wDNKqEeZ6QwPtCcpJX8,Stop Giving Me Advice (with Jack Harlow & Dave),Dave,6Ip8FS7vWT1uKkJSweANQK,2023-12-08,80,0.641,0.681,6.0,-4.888,0.0,0.283,0.504,2.69e-05,0.103,0.896,101.429,242453.0,4.0,bb
0U10zFw4GlBacOy9VDGfGL,We Found Love,Rihanna,5pKCCKE2ajJHZ9KAiaK11H,2011-11-19,82,0.735,0.766,1.0,-4.485,1.0,0.0383,0.025,0.00138,0.108,0.6,127.985,215227.0,4.0,cc
7i0jaBLpIADxqNbhAb4XFb,Diamonds,Rihanna,5pKCCKE2ajJHZ9KAiaK11H,2012-12-10,78,0.564,0.71,11.0,-4.92,0.0,0.0461,0.00125,0.0,0.109,0.393,91.972,225147.0,4.0,aa
49FYlytm3dAAraYgpoJZux,Umbrella,Rihanna,5pKCCKE2ajJHZ9KAiaK11H,2008-06-02,86,0.583,0.829,1.0,-4.603,1.0,0.134,0.00864,0.0,0.0426,0.575,174.028,275987.0,4.0,bb
3OHfY25tqY28d16oZczHc8,Kill Bill,SZA,7tYKF4w9nC0nq9CsPZTHyP,2022-12-09,86,0.644,0.728,8.0,-5.75,1.0,0.0351,0.0543,0.169,0.161,0.43,88.993,153947.0,4.0,cc
4iZ4pt7kvcaH6Yo8UoZ4s2,Snooze,SZA,7tYKF4w9nC0nq9CsPZTHyP,2022-12-09,93,0.559,0.551,5.0,-7.231,1.0,0.132,0.141,0.0,0.11,0.392,143.008,201800.0,4.0,aa
1yeB8MUNeLo9Ek1UEpsyz6,Rich Baby Daddy (feat. Sexyy Red & SZA),SZA,7tYKF4w9nC0nq9CsPZTHyP,2023-10-06,92,0.645,0.729,2.0,-4.56,1.0,0.0528,0.0377,0.0,0.384,0.142,146.01,319192.0,4.0,bb
1Ist6PR2BZR3n2z2Y5R6S1,Summertime Sadness,Lana Del Rey,00FQb4jTyendYWaN8pK0wa,2012-01-01,79,0.566,0.647,1.0,-6.815,0.0,0.0335,0.0477,0.0,0.121,0.22,111.96,264773.0,4.0,cc
6GGtHZgBycCgGBUhZo81xe,Say Yes To Heaven,Lana Del Rey,00FQb4jTyendYWaN8pK0wa,2023-05-19,90,0.49,0.352,6.0,-11.577,0.0,0.0254,0.709,0.0856,0.114,0.166,99.992,209156.0,4.0,aa
2nMeu6UenVvwUktBCpLMK9,Young And Beautiful,Lana Del Rey,00FQb4jTyendYWaN8pK0wa,2013-01-01,88,0.324,0.416,11.0,-8.92,0.0,0.0368,0.262,3.69e-05,0.11,0.151,113.986,236053.0,4.0,bb
4Dvkj6JhhA12EX05fT7y2e,As It Was,Harry Styles,6KImCVD70vtIoJWnq6nGn3,2022-05-20,95,0.52,0.731,6.0,-5.338,0.0,0.0557,0.342,0.00101,0.311,0.662,173.93,167303.0,4.0,cc
6UelLqGlWMcVH1E5c4H7lY,Watermelon Sugar,Harry Styles,6KImCVD70vtIoJWnq6nGn3,2019-12-13,89,0.548,0.816,0.0,-4.209,1.0,0.0465,0.122,0.0,0.335,0.557,95.39,174000.0,4.0,aa
5Ohxk2dO5COHF1krpoPigN,Sign of the Times,Harry Styles,6KImCVD70vtIoJWnq6nGn3,2017-05-12,85,0.516,0.595,5.0,-4.63,1.0,0.0313,0.0275,0.0,0.109,0.222,119.972,340707.0,4.0,bb
2FDTHlrBguDzQkp7PVj16Q,Sprinter,Central Cee,5H4yInM5zmHqpKIoMNAx4r,2023-06-01,90,0.916,0.583,1.0,-8.067,1.0,0.241,0.186,0.0,0.0798,0.661,141.095,226383.0,4.0,cc
100fbGocyqbBPQkTDchi2g,TOO MUCH,Central Cee,5H4yInM5zmHqpKIoMNAx4r,2023-11-10,76,0.753,0.719,10.0,-5.607,0.0,0.199,0.264,0.0,0.154,0.474,94.977,203895.0,4.0,aa
3LtpKP5abr2qqjunvjlX5i,Doja,Central Cee,5H4yInM5zmHqpKIoMNAx4r,2022-07-21,84,0.911,0.573,6.0,-7.43,1.0,0.288,0.38,0.0,0.403,0.972,140.04,97393.0,4.0,bb
59NraMJsLaMCVtwXTSia8i,Prada,D-Block Europe,5VadK1havLhK1OpKYsXv9y,2023-08-11,94,0.638,0.717,8.0,-5.804,1.0,0.0375,0.001,1.79e-06,0.113,0.422,141.904,132359.0,4.0,cc
337kcYVjYXdLBItCw9ry3b,Overseas,D-Block Europe,5VadK1havLhK1OpKYsXv9y,2021-11-19,73,0.838,0.623,8.0,-7.524,0.0,0.354,0.532,0.0,0.307,0.811,135.935,222155.0,4.0,aa
2kQ9udZ0v3H8PFSVmbY1Kq,Darling,D-Block Europe,5VadK1havLhK1OpKYsXv9y,2019-09-27,72,,,,,,,,,,,,,,bb
0TwBtDAWpkpM3srywFVOV5,Crazy In Love (feat. Jay-Z),Beyoncé,6vWDO969PvNqNYHIOW5v0m,2003-03-10,81,0.664,0.758,2.0,-6.583,0.0,0.21,0.00238,0.0,0.0598,0.701,99.259,235933.0,4.0,cc
1xzi1Jcr7mEi9K2RfzLOqS,CUFF IT,Beyoncé,6vWDO969PvNqNYHIOW5v0m,2022-07-29,85,0.78,0.689,7.0,-5.668,1.0,0.141,0.0368,9.69e-06,0.0698,0.642,115.042,225389.0,4.0,aa
2MfOcbtgz2yTsiznFmVZUN,Halo,Beyoncé,6vWDO969PvNqNYHIOW5v0m,2008-11-12,71,0.508,0.72,11.0,-5.908,0.0,0.0628,0.272,0.0,0.0563,0.472,79.983,261640.0,4.0,bb
2Y4ImmYsxc4bclzGlmvlzo,Water - Remix,Travis Scott,0Y5tJX1MQlPlqiwlOH1tJY,2023-12-01,70,0.739,0.749,6.0,-3.318,1.0,0.0746,0.12,0.0,0.149,0.505,117.03,200256.0,4.0,cc
6wsqVwoiVH2kde4k4KKAFU,I KNOW ?,Travis Scott,0Y5tJX1MQlPlqiwlOH1tJY,2023-07-28,92,0.927,0.619,5.0,-4.441,0.0,0.0539,0.0186,0.0,0.104,0.817,117.995,211582.0,4.0,aa
42VsgItocQwOQC3XWZ8JNA,FE!N (feat. Playboi Carti),Travis Scott,0Y5tJX1MQlPlqiwlOH1tJY,2023-07-28,91,0.569,0.882,3.0,-2.777,0.0,0.06,0.0316,0.0,0.142,0.201,148.038,191701.0,4.0,bb
0U10zFw4GlBacOy9VDGfGL,We Found Love,Calvin Harris,7CajNmpbOovFoOoasH2HaY,2011-11-19,82,0.735,0.766,1.0,-4.485,1.0,0.0383,0.025,0.00138,0.108,0.6,127.985,215227.0,4.0,cc
7ef4DlsgrMEH11cDZd32M6,One Kiss (with Dua Lipa),Calvin Harris,7CajNmpbOovFoOoasH2HaY,2018-04-06,87,0.791,0.862,9.0,-3.24,0.0,0.11,0.037,2.19e-05,0.0814,0.592,123.994,214847.0,4.0,aa
22dUzMFttcR3uU17NcOAIv,Desire (with Sam Smith),Calvin Harris,7CajNmpbOovFoOoasH2HaY,2023-07-28,86,0.587,0.924,11.0,-5.433,0.0,0.0457,0.0311,0.0171,0.23,0.509,140.009,179162.0,4.0,bb
4uUG5RXrOk84mYEfFvj3cK,I'm Good (Blue),David Guetta,1Cs0zKBU1kc0i8ypK3B9ai,2022-08-26,93,0.561,0.965,7.0,-3.673,0.0,0.0343,0.00383,7.07e-06,0.371,0.304,128.04,175238.0,4.0,cc
3BKD1PwArikchz2Zrlp1qi,Baby Don't Hurt Me,David Guetta,1Cs0zKBU1kc0i8ypK3B9ai,2023-04-06,88,0.602,0.91,7.0,-3.404,1.0,0.0308,0.00126,0.000174,0.12,0.228,127.944,140018.0,4.0,aa
0TDLuuLlV54CkRRUOahJb4,Titanium (feat. Sia),David Guetta,1Cs0zKBU1kc0i8ypK3B9ai,2012-12-07,85,0.604,0.787,0.0,-3.674,0.0,0.103,0.0679,0.15,0.127,0.301,126.062,245040.0,4.0,bb
0RiRZpuVRbi7oqRdSMwhQY,Sunflower - Spider-Man: Into the Spider-Verse,Post Malone,246dkjvS1zLTtiykXe5h60,2019-09-06,88,0.755,0.522,2.0,-4.368,1.0,0.0575,0.533,0.0,0.0685,0.925,89.96,157560.0,4.0,cc
21jGcNKet2qwijlDFuPiPb,Circles,Post Malone,246dkjvS1zLTtiykXe5h60,2019-09-06,89,0.695,0.762,0.0,-3.497,1.0,0.0395,0.192,0.00244,0.0863,0.553,120.042,215280.0,4.0,aa
5w40ZYhbBMAlHYNDaVJIUu,Chemical,Post Malone,246dkjvS1zLTtiykXe5h60,2023-04-14,87,0.498,0.897,2.0,-4.907,1.0,0.045,0.00136,0.0,0.118,0.373,169.902,184013.0,4.0,bb
6wf7Yu7cxBSPrRlWeSeK0Q,"What Was I Made For? [From The Motion Picture ""Barbie""]",Billie Eilish,6qqNVTkY8uBg9cP3Jd7DAH,2023-07-13,94,0.444,0.0911,0.0,-17.665,1.0,0.0307,0.959,1.05e-06,0.098,0.142,78.403,222370.0,4.0,cc
0u2P5u6lvoDfwTYjAADbn4,lovely (with Khalid),Billie Eilish,6qqNVTkY8uBg9cP3Jd7DAH,2018-04-19,91,0.351,0.296,4.0,-10.109,0.0,0.0333,0.934,0.0,0.095,0.12,115.284,200186.0,4.0,aa
7hDVYcQq6MxkdJGweuCtl9,ocean eyes,Billie Eilish,6qqNVTkY8uBg9cP3Jd7DAH,2017-12-22,85,0.511,0.363,4.0,-7.65,0.0,0.041,0.816,0.0317,0.084,0.169,144.892,200379.0,4.0,bb
2dHHgzDwk4BJdRwy9uXhTO,Creepin' (with The Weeknd & 21 Savage),21 Savage,1URnnhqYAYcrqrcwql10ft,2022-12-02,92,0.715,0.62,1.0,-6.005,0.0,0.0484,0.417,0.0,0.0822,0.172,97.95,221520.0,4.0,cc
52eIcoLUM25zbQupAZYoFh,redrum,21 Savage,1URnnhqYAYcrqrcwql10ft,2024-01-12,89,,,,,,,,,,,,,,aa
3F5CgOj3wFlRv51JsHbxhe,Jimmy Cooks (feat. 21 Savage),21 Savage,1URnnhqYAYcrqrcwql10ft,2022-06-17,89,0.529,0.673,0.0,-4.711,1.0,0.175,0.000307,2.41e-06,0.093,0.366,165.921,218365.0,4.0,bb
1kuGVB7EU95pJObxwvfwKS,vampire,Olivia Rodrigo,1McMsnEElThX1knmY4oliG,2023-09-08,95,0.511,0.532,5.0,-5.745,1.0,0.0578,0.177,0.0,0.291,0.35,138.005,219724.0,4.0,cc
17cia5k4BpGVlyEfqrFH50,Can’t Catch Me Now - from The Hunger Games: The Ballad of Songbirds & Snakes,Olivia Rodrigo,1McMsnEElThX1knmY4oliG,2023-11-17,87,0.518,0.368,11.0,-7.76,0.0,0.0353,0.855,4.9e-06,0.119,0.234,141.934,205484.0,4.0,aa
3IX0yuEVvDbnqUwMBB3ouC,bad idea right?,Olivia Rodrigo,1McMsnEElThX1knmY4oliG,2023-09-08,89,0.627,0.879,9.0,-3.446,1.0,0.0955,0.00193,6.87e-06,0.0647,0.748,129.979,184784.0,4.0,bb
2Hh3ETdQKrmSI3QS0hme7g,Too Many Nights (feat. Don Toliver & with Future),Future,1RyvyyTE3xzB2ZywiAwp0i,2022-12-02,90,0.684,0.671,7.0,-4.392,0.0,0.0464,0.189,2.37e-05,0.122,0.156,88.048,199920.0,4.0,cc
0vjeOZ3Ft5jvAi9SBFJm1j,Superhero (Heroes & Villains) [with Future & Chris Brown],Future,1RyvyyTE3xzB2ZywiAwp0i,2022-12-02,89,0.526,0.606,5.0,-5.3,0.0,0.259,0.152,2.36e-06,0.194,0.492,116.622,182667.0,4.0,aa
1i9lZvlaDdWDPyXEE95aiq,TELEKINESIS (feat. SZA & Future),Future,1RyvyyTE3xzB2ZywiAwp0i,2023-07-28,87,0.458,0.535,5.0,-4.854,0.0,0.0281,0.575,0.0,0.168,0.216,82.826,353755.0,4.0,bb
3AJwUDP919kvQ9QcozQPxg,Yellow,Coldplay,4gzpq5DPGxSnKTe4SA8HAU,2000-07-10,92,0.429,0.661,11.0,-7.227,1.0,0.0281,0.00239,0.000121,0.234,0.285,173.372,266773.0,4.0,cc
3Fcfwhm8oRrBvBZ8KGhtea,Viva La Vida,Coldplay,4gzpq5DPGxSnKTe4SA8HAU,2008-06-19,76,0.486,0.617,5.0,-7.115,0.0,0.0287,0.0954,3.23e-06,0.109,0.417,138.015,242373.0,4.0,aa
6RUKPb4LETWmmr3iAEQktW,Something Just Like This,Coldplay,4gzpq5DPGxSnKTe4SA8HAU,2017-04-07,88,0.617,0.635,11.0,-6.769,0.0,0.0317,0.0498,1.44e-05,0.164,0.446,103.019,247160.0,4.0,bb
0vjeOZ3Ft5jvAi9SBFJm1j,Superhero (Heroes & Villains) [with Future & Chris Brown],Chris Brown,7bXgB6jMjp9ATFy66eO08Z,2022-12-02,89,0.526,0.606,5.0,-5.3,0.0,0.259,0.152,2.36e-06,0.194,0.492,116.622,182667.0,4.0,cc
5IgjP7X4th6nMNDh4akUHb,Under The Influence,Chris Brown,7bXgB6jMjp9ATFy66eO08Z,2019-10-04,88,0.733,0.69,9.0,-5.529,0.0,0.0427,0.0635,1.18e-06,0.105,0.31,116.992,184613.0,4.0,aa
3XqM8hLCEYlbnFjoWwqtFv,Angel Numbers / Ten Toes,Chris Brown,7bXgB6jMjp9ATFy66eO08Z,2023-11-10,87,0.406,0.5,4.0,-8.452,0.0,0.0501,0.192,0.0,0.175,0.0905,157.984,306847.0,4.0,bb
3di5hcvxxciiqwMH1jarhY,Set Fire to the Rain,Adele,4dpARuHxo51G3z768sgnrY,2011-01-24,86,0.603,0.67,2.0,-3.882,0.0,0.0249,0.00408,1.68e-06,0.112,0.446,107.993,242974.0,4.0,cc
6VObnIkLVruX4UVyxWhlqm,Skyfall,Adele,4dpARuHxo51G3z768sgnrY,2012-10-04,89,,,,,,,,,,,,,,aa
46IZ0fSY2mpAiktS3KOqds,Easy On Me,Adele,4dpARuHxo51G3z768sgnrY,2021-11-19,84,0.604,0.366,5.0,-7.519,1.0,0.0282,0.578,0.0,0.133,0.13,141.981,224695.0,4.0,bb
7qEHsqek33rTcFNT9PFqLf,Someone You Loved,Lewis Capaldi,4GNC7GD6oZMSxPGyXy4MNB,2019-05-17,91,0.501,0.405,1.0,-5.679,1.0,0.0319,0.751,0.0,0.105,0.446,109.891,182161.0,4.0,cc
2gMXnyrvIjhVBUZwvLZDMP,Before You Go,Lewis Capaldi,4GNC7GD6oZMSxPGyXy4MNB,2019-11-22,87,0.459,0.575,3.0,-4.858,1.0,0.0573,0.604,0.0,0.0885,0.183,111.881,215107.0,4.0,aa
3gdPwk2wyOXNRnTA1KXnEr,Wish You The Best,Lewis Capaldi,4GNC7GD6oZMSxPGyXy4MNB,2023-05-19,84,0.676,0.461,3.0,-3.59,1.0,0.0304,0.555,0.0,0.0951,0.466,107.95,210880.0,4.0,bb
2dHHgzDwk4BJdRwy9uXhTO,Creepin' (with The Weeknd & 21 Savage),Metro Boomin,0iEtIxbK0KxaSlF7G42ZOp,2022-12-02,92,0.715,0.62,1.0,-6.005,0.0,0.0484,0.417,0.0,0.0822,0.172,97.95,221520.0,4.0,cc
2Hh3ETdQKrmSI3QS0hme7g,Too Many Nights (feat. Don Toliver & with Future),Metro Boomin,0iEtIxbK0KxaSlF7G42ZOp,2022-12-02,90,0.684,0.671,7.0,-4.392,0.0,0.0464,0.189,2.37e-05,0.122,0.156,88.048,199920.0,4.0,aa
5wG3HvLhF6Y5KTGlK0IW3J,Trance (with Travis Scott & Young Thug),Metro Boomin,0iEtIxbK0KxaSlF7G42ZOp,2022-12-02,89,0.571,0.549,1.0,-7.38,0.0,0.404,0.18,0.0,0.168,0.447,119.497,194787.0,4.0,bb
7DSAEUvxU8FajXtRloy8M0,Flowers,Miley Cyrus,5YGY8feqx7naU7z4HrwZM6,2023-08-18,94,0.706,0.691,0.0,-4.775,1.0,0.0633,0.0584,6.99e-05,0.0232,0.632,118.048,200600.0,4.0,cc
3E7dfMvvCLUddWissuqMwr,Party In The U.S.A.,Miley Cyrus,5YGY8feqx7naU7z4HrwZM6,2009-01-01,85,0.652,0.698,10.0,-4.667,0.0,0.042,0.00112,0.000115,0.0886,0.47,96.021,202067.0,4.0,aa
1daDRI9ahBonbWD8YcxOIB,Angels Like You,Miley Cyrus,5YGY8feqx7naU7z4HrwZM6,2020-11-27,88,0.672,0.642,5.0,-4.035,1.0,0.0313,0.0981,0.0,0.1,0.494,121.981,196453.0,4.0,bb
3GCdLUSnKSMJhs4Tj6CV3s,All The Stars (with SZA),Kendrick Lamar,2YZyLoL8N0Wb9xBt1NhZWg,2018-02-09,87,0.698,0.633,8.0,-4.946,1.0,0.0597,0.0605,0.000194,0.0926,0.552,96.924,232187.0,4.0,cc
7KXjTSCq5nL1LoYtL7XAwS,HUMBLE.,Kendrick Lamar,2YZyLoL8N0Wb9xBt1NhZWg,2017-04-14,87,0.908,0.621,1.0,-6.638,0.0,0.102,0.000282,5.39e-05,0.0958,0.421,150.011,177000.0,4.0,aa
7gaA3wERFkFkgivjwbSvkG,"yes, and?",Ariana Grande,66CXWjxzNUsdJxJ2JdwvnR,2024-01-12,94,,,,,,,,,,,,,,bb
0lizgQ7Qw35od7CYaoMBZb,Santa Tell Me,Ariana Grande,66CXWjxzNUsdJxJ2JdwvnR,2014-11-24,92,0.525,0.621,7.0,-7.364,1.0,0.116,0.0489,0.0,0.294,0.591,191.9,204093.0,4.0,cc
4W4fNrZYkobj539TOWsLO2,Die For You (with Ariana Grande) - Remix,Ariana Grande,66CXWjxzNUsdJxJ2JdwvnR,2023-03-14,85,0.575,0.5,1.0,-7.594,0.0,0.0707,0.227,0.0,0.335,0.506,67.033,232857.0,4.0,aa
78QR3Wp35dqAhFEc2qAGjE,Drip Too Hard (Lil Baby & Gunna),Lil Baby,5f7VJjfbwm532GiveGC0ZK,2018-10-05,86,0.897,0.662,1.0,-6.903,0.0,0.292,0.0852,0.0,0.534,0.389,112.511,145543.0,4.0,bb
5BbdKBZO0TH0GhfxUfyhL9,Freestyle,Lil Baby,5f7VJjfbwm532GiveGC0ZK,2017-12-01,85,0.877,0.517,2.0,-5.426,0.0,0.0706,0.217,0.0,0.143,0.255,119.996,162053.0,4.0,cc
577YBGuskWkVDCxZrLRB4v,Pure Cocaine,Lil Baby,5f7VJjfbwm532GiveGC0ZK,2018-11-30,84,0.964,0.487,10.0,-6.071,0.0,0.421,0.00127,6.57e-06,0.115,0.107,127.05,154024.0,4.0,aa
0SlpFHdk4UHBDzCEoXzy14,Stop Crying Your Heart Out,Oasis,2DaxqgrOhkeH0fpeiQq2f4,2002-07-01,68,0.331,0.558,2.0,-5.506,1.0,0.031,0.0689,1.96e-06,0.124,0.0985,150.19,303120.0,4.0,bb
4VXIryQMWpIdGgYR4TrjT1,All Girls Are The Same,Juice WRLD,4MCBfE4596Uoi2O4DtmEMz,2018-12-10,88,0.671,0.529,0.0,-7.226,1.0,0.307,0.0769,0.000335,0.0856,0.203,161.989,165820.0,4.0,cc
285pBltuF7vW8TeWk8hdRR,Lucid Dreams,Juice WRLD,4MCBfE4596Uoi2O4DtmEMz,2018-12-10,87,0.511,0.566,6.0,-7.23,0.0,0.2,0.349,0.0,0.34,0.218,83.903,239836.0,4.0,aa
4qmG24ebshLXtKu9HIShBP,Lace It (with Eminem & benny blanco),Juice WRLD,4MCBfE4596Uoi2O4DtmEMz,2023-12-16,85,0.773,0.597,2.0,-7.138,1.0,0.309,0.194,0.0,0.22,0.305,160.101,217527.0,4.0,bb
0ofHAoxe9vBkTCp2UQIavz,Dreams - 2004 Remaster,Fleetwood Mac,08GQAI4eElDnROBrJRGE0X,1977-02-04,88,0.828,0.492,0.0,-9.744,1.0,0.0276,0.0644,0.00428,0.128,0.789,120.151,257800.0,4.0,cc
5e9TFTbltYBg2xThimr0rU,The Chain - 2004 Remaster,Fleetwood Mac,08GQAI4eElDnROBrJRGE0X,1977-02-04,85,0.545,0.67,9.0,-8.81,1.0,0.0496,0.009,0.000822,0.0451,0.481,151.553,270213.0,4.0,aa
254bXAqt3zP6P50BdQvEsq,Everywhere - 2017 Remaster,Fleetwood Mac,08GQAI4eElDnROBrJRGE0X,1987-04-13,84,0.73,0.487,4.0,-10.991,1.0,0.0303,0.258,0.01,0.0852,0.731,114.965,226653.0,4.0,bb
56y1jOTK0XSvJzVv9vHQBK,Paint The Town Red,Doja Cat,5cj0lLjcoR7YOSnhnX0Po5,2023-09-20,88,0.864,0.556,2.0,-7.683,0.0,0.194,0.255,3.85e-06,0.112,0.726,99.974,230480.0,4.0,cc
5PyDJG7SQRgWXefgexqIge,Agora Hills,Doja Cat,5cj0lLjcoR7YOSnhnX0Po5,2023-09-20,86,0.755,0.687,8.0,-6.247,0.0,0.101,0.183,0.000177,0.125,0.381,123.01,265360.0,4.0,aa
6x9pCndnXEoea0CMcfjs9W,n.h.i.e.,Doja Cat,5cj0lLjcoR7YOSnhnX0Po5,2024-01-12,86,,,,,,,,,,,,,,bb
68Dni7IE4VyPkTOH9mRWHr,No Role Modelz,J. Cole,6l3HvQ5sa6mXTsMTB19rO5,2014-12-09,91,0.69,0.521,10.0,-8.492,0.0,0.339,0.324,0.0,0.0534,0.494,100.028,292799.0,4.0,cc
7aqfrAY2p9BUSiupwk3svU,First Person Shooter (feat. J. Cole),J. Cole,6l3HvQ5sa6mXTsMTB19rO5,2023-10-06,90,0.47,0.64,2.0,-7.779,1.0,0.32,0.0277,0.0,0.382,0.248,163.92,247444.0,4.0,aa
4tqcoej1zPvwePZCzuAjJd,Wet Dreamz,J. Cole,6l3HvQ5sa6mXTsMTB19rO5,2014-12-09,86,0.495,0.722,6.0,-8.108,0.0,0.357,0.0697,0.0,0.113,0.539,175.627,239267.0,4.0,bb
5wtSei6pJpDEB1iKqPHhfU,Houdini,Dua Lipa,6M2wZ9GZgrQXHCFfjv46we,2023-11-10,74,0.739,0.79,9.0,-4.87,0.0,0.0654,0.00574,0.00073,0.085,0.865,116.987,185918.0,4.0,cc
1vYXt7VSjH9JIM5oRRo7vA,Dance The Night - From Barbie The Album,Dua Lipa,6M2wZ9GZgrQXHCFfjv46we,2023-05-25,93,0.671,0.845,11.0,-4.93,0.0,0.048,0.0207,0.0,0.329,0.775,110.056,176579.0,4.0,aa
6JIC3hbC28JZKZ8AlAqX8h,Cold Heart - PNAU Remix,Dua Lipa,6M2wZ9GZgrQXHCFfjv46we,2021-10-22,84,0.795,0.8,1.0,-6.32,1.0,0.0309,0.0354,7.25e-05,0.0915,0.934,116.032,202735.0,4.0,bb
1fDFHXcykq4iw8Gg7s5hG9,About You,The 1975,3mIj9lX2MWuHmhNCA7LSCW,2022-10-14,84,0.416,0.762,2.0,-7.385,1.0,0.0279,0.312,0.804,0.0559,0.461,95.967,326491.0,4.0,cc
4m0q0xQ2BNl9SCAGKyfiGZ,Somebody Else,The 1975,3mIj9lX2MWuHmhNCA7LSCW,2016-02-26,75,0.618,0.793,0.0,-5.711,1.0,0.0601,0.204,0.0154,0.126,0.459,101.015,347526.0,4.0,aa
73jVPicY2G9YHmzgjk69ae,Robbers,The 1975,3mIj9lX2MWuHmhNCA7LSCW,2013-01-01,74,0.621,0.692,4.0,-6.858,1.0,0.0291,0.000363,1.75e-05,0.335,0.381,99.806,254510.0,4.0,bb
4RoKNqyZ9622tcAeNPNv5k,City Boys,Burna Boy,3wcj11K77LjEY1PkEazffa,2023-08-24,81,0.808,0.634,2.0,-6.764,0.0,0.172,0.0851,0.0,0.127,0.569,100.03,153347.0,4.0,cc
5KI7I4mEtulXcv5VQJaV35,just like me,Burna Boy,3wcj11K77LjEY1PkEazffa,2024-01-12,80,,,,,,,,,,,,,,aa
5YbPxJwPfrj7uswNwoF1pJ,Last Last,Burna Boy,3wcj11K77LjEY1PkEazffa,2022-07-07,80,0.795,0.565,3.0,-4.457,0.0,0.0948,0.131,0.0,0.0802,0.55,87.925,172342.0,4.0,bb
6dGnYIeXmHdcikdzNNDMm2,Here Comes The Sun - Remastered 2009,The Beatles,3WrFJ7ztbogyGnTHbHJFl2,1969-09-26,86,0.557,0.54,9.0,-10.484,1.0,0.0347,0.0339,0.00248,0.179,0.394,129.171,185733.0,4.0,cc
2EqlS6tkEnglzr7tkKAAYD,Come Together - Remastered 2009,The Beatles,3WrFJ7ztbogyGnTHbHJFl2,1969-09-26,81,0.533,0.376,9.0,-11.913,0.0,0.0393,0.0302,0.248,0.0926,0.187,165.007,259947.0,4.0,aa
3BQHpFgAp4l80e1XslIjNI,Yesterday - Remastered 2009,The Beatles,3WrFJ7ztbogyGnTHbHJFl2,1965-08-06,80,,,,,,,,,,,,,,bb
567e29TDzLwZwfDuEpGTwo,STAY (with Justin Bieber),Justin Bieber,1uNFoZAHBGtllmzznpCI3s,2021-07-27,85,0.591,0.764,1.0,-5.484,1.0,0.0483,0.0383,0.0,0.103,0.478,169.928,141806.0,4.0,cc
6I3mqTwhRpn34SLVafSH7G,Ghost,Justin Bieber,1uNFoZAHBGtllmzznpCI3s,2021-03-19,89,0.601,0.741,2.0,-5.569,1.0,0.0478,0.185,2.91e-05,0.415,0.441,153.96,153190.0,4.0,aa
7xapw9Oy21WpfEcib2ErSA,Mistletoe,Justin Bieber,1uNFoZAHBGtllmzznpCI3s,2011-01-01,89,0.657,0.56,6.0,-9.049,0.0,0.0467,0.498,0.0,0.0794,0.854,161.993,182947.0,4.0,bb
59NraMJsLaMCVtwXTSia8i,Prada,RAYE,5KKpBU5eC2tJDzf0wmlRp2,2023-08-11,94,0.638,0.717,8.0,-5.804,1.0,0.0375,0.001,1.79e-06,0.113,0.422,141.904,132359.0,4.0,cc
5mHdCZtVyb4DcJw8799hZp,Escapism.,RAYE,5KKpBU5eC2tJDzf0wmlRp2,2023-02-03,86,0.538,0.742,2.0,-5.355,1.0,0.114,0.138,4.67e-05,0.0934,0.25,96.107,272373.0,4.0,aa
3XCpS4k8WqNnCpcDOSRRuz,Escapism. - Sped Up,RAYE,5KKpBU5eC2tJDzf0wmlRp2,2022-12-07,79,0.435,0.768,6.0,-5.352,0.0,0.201,0.0857,0.000231,0.0918,0.378,107.588,239888.0,4.0,bb
1QV6tiMFM6fSOKOGLMHYYg,Poker Face,Lady Gaga,1HY2Jd0NmPuamShAr6KMms,2008-01-01,84,0.851,0.806,4.0,-4.62,1.0,0.0787,0.118,1.64e-06,0.121,0.787,118.999,237200.0,4.0,cc
2VxeLyX666F8uXCJ0dZF8B,Shallow,Lady Gaga,1HY2Jd0NmPuamShAr6KMms,2018-10-05,86,0.572,0.385,7.0,-6.362,1.0,0.0308,0.371,0.0,0.231,0.323,95.799,215733.0,4.0,aa
0SiywuOBRcynK0uKGWdCnn,Bad Romance,Lady Gaga,1HY2Jd0NmPuamShAr6KMms,2009-11-05,87,0.696,0.921,0.0,-3.755,1.0,0.0363,0.00314,5.24e-05,0.0842,0.714,119.001,294573.0,4.0,bb
6JIC3hbC28JZKZ8AlAqX8h,Cold Heart - PNAU Remix,Elton John,3PhoLpVuITZKcymswpck5b,2021-10-22,84,0.795,0.8,1.0,-6.32,1.0,0.0309,0.0354,7.25e-05,0.0915,0.934,116.032,202735.0,4.0,cc
1jDJFeK9x3OZboIAHsY9k2,I'm Still Standing,Elton John,3PhoLpVuITZKcymswpck5b,1983-05-30,87,,,,,,,,,,,,,,aa
3bH2Eu9A9ymI4UnGHRmoXg,Merry Christmas,Elton John,3PhoLpVuITZKcymswpck5b,2021-12-03,86,0.594,0.935,0.0,-2.018,1.0,0.0357,0.243,2.36e-06,0.102,0.602,113.99,208547.0,4.0,bb
5T8EDUDqKcs6OSOwEsfqG7,Don't Stop Me Now - Remastered 2011,Queen,1dfeR4HaWDbWqFHLkxsg1d,1978-11-10,86,0.559,0.868,5.0,-5.276,1.0,0.17,0.0475,0.000176,0.776,0.609,156.295,209413.0,4.0,cc
4u7EnebtmKWzUH433cf5Qv,Bohemian Rhapsody - Remastered 2011,Queen,1dfeR4HaWDbWqFHLkxsg1d,1975-11-21,84,0.414,0.404,0.0,-9.928,0.0,0.0499,0.271,0.0,0.3,0.224,71.105,354320.0,4.0,aa
5vdp5UmvTsnMEMESIF2Ym7,Another One Bites The Dust - Remastered 2011,Queen,1dfeR4HaWDbWqFHLkxsg1d,1980-06-27,85,,,,,,,,,,,,,,bb
1a73gcEg6h6Re6hHXoVltJ,FTCU,Nicki Minaj,0hCNtLu0JehylgoiP8L4Gh,2023-12-08,90,0.928,0.458,11.0,-6.751,1.0,0.187,0.0175,0.000446,0.118,0.242,144.995,172138.0,4.0,cc
5ZJGv7aGdIr9IGpxzSG18T,Everybody (feat. Lil Uzi Vert),Nicki Minaj,0hCNtLu0JehylgoiP8L4Gh,2023-12-08,88,0.736,0.769,11.0,-5.546,0.0,0.258,0.027,0.0,0.23,0.388,137.947,180870.0,4.0,aa
2S5NuP68ckFRvC0qMd7dVR,Beauty And A Beat,Nicki Minaj,0hCNtLu0JehylgoiP8L4Gh,2020-05-22,65,0.587,0.82,0.0,-5.319,1.0,0.0668,0.0011,7.36e-06,0.131,0.578,127.976,226613.0,4.0,bb
3w3y8KPTfNeOKPiqUTakBh,Locked out of Heaven,Bruno Mars,0du5cEVh5yTK9QJze8zA0C,2012-12-07,91,0.726,0.698,5.0,-4.165,1.0,0.0431,0.049,0.0,0.309,0.867,143.994,233478.0,4.0,cc
47Slg6LuqLaX0VodpSCvPt,Just the Way You Are,Bruno Mars,0du5cEVh5yTK9QJze8zA0C,2010-10-05,83,0.635,0.841,5.0,-5.379,1.0,0.0422,0.0134,0.0,0.0622,0.424,109.021,220734.0,4.0,aa
0nJW01T7XtvILxQgC5J7Wh,When I Was Your Man,Bruno Mars,0du5cEVh5yTK9QJze8zA0C,2012-12-07,90,0.612,0.28,0.0,-8.648,1.0,0.0434,0.932,0.0,0.088,0.387,72.795,213827.0,4.0,bb
1mKXFLRA179hdOWQBwUk9e,Just Give Me a Reason (feat. Nate Ruess),P!nk,1KCSPY1glIKqW2TotWuXOR,2012-09-18,85,0.778,0.547,2.0,-7.273,1.0,0.0489,0.346,0.000302,0.132,0.441,95.002,242733.0,4.0,cc
1gv4xPanImH17bKZ9rOveR,Raise Your Glass,P!nk,1KCSPY1glIKqW2TotWuXOR,2010-10-05,81,0.7,0.709,7.0,-5.006,1.0,0.0838,0.0048,0.0,0.029,0.624,122.019,202960.0,4.0,aa
1gUwi1o1S9W9P0FQgJdY8s,TRUSTFALL,P!nk,1KCSPY1glIKqW2TotWuXOR,2023-02-17,75,0.636,0.888,8.0,-3.889,1.0,0.0945,0.00162,0.000216,0.147,0.25,122.032,237200.0,4.0,bb
5qaEfEh1AtSdrdrByCP7qR,Demons,Imagine Dragons,53XhwfbYqKCa1cC15pYq2q,2012-09-04,88,0.505,0.71,3.0,-3.015,1.0,0.0321,0.19,0.00025,0.269,0.428,89.938,177507.0,4.0,cc
0pqnGHJpmpxLKifKRmU6WP,Believer,Imagine Dragons,53XhwfbYqKCa1cC15pYq2q,2017-06-23,90,0.776,0.78,10.0,-4.374,0.0,0.128,0.0622,0.0,0.081,0.666,124.949,204347.0,4.0,aa
54ipXppHLA8U4yqpOFTUhr,Bones,Imagine Dragons,53XhwfbYqKCa1cC15pYq2q,2022-07-01,87,0.772,0.75,5.0,-3.67,0.0,0.0455,0.0201,0.0,0.074,0.587,114.061,165265.0,4.0,bb
0teqQ0PYqVDyyXJuPOyMhu,ケセラセラ,Mrs. GREEN APPLE,4QvgGvpgzgyUOo8Yp8LDm9,2023-07-04,77,,,,,,,,,,,,,,cc
5LkmpgQYtwHtuvASgnLBe1,ダンスホール,Mrs. GREEN APPLE,4QvgGvpgzgyUOo8Yp8LDm9,2023-12-01,52,0.736,0.695,7.0,-3.87,1.0,0.0468,0.0209,0.0,0.0517,0.784,109.976,203150.0,4.0,aa
2vOAHp8PBBFYqvQUWSoITY,インフェルノ,Mrs. GREEN APPLE,4QvgGvpgzgyUOo8Yp8LDm9,2019-10-01,75,0.533,0.918,4.0,-2.095,1.0,0.0616,0.00894,0.0,0.643,0.662,92.504,211600.0,4.0,bb
1pCcNaCodPssCc8Aq68gPS,Kaiju no Hanauta,Vaundy,2IUl3m1H1EQ7QfNbNWvgru,2020-05-27,60,0.335,0.943,2.0,-3.176,1.0,0.067,0.00334,0.0,0.324,0.64,75.093,224805.0,4.0,cc
1YXot2MLAG9sttepCtBRM7,踊り子,Vaundy,2IUl3m1H1EQ7QfNbNWvgru,2023-11-15,75,0.712,0.517,7.0,-10.157,1.0,0.0533,0.826,0.8,0.0949,0.686,157.038,229328.0,4.0,aa
6WT1tWfxUQREmEwzc4TRMV,Fukakoryoku,Vaundy,2IUl3m1H1EQ7QfNbNWvgru,2020-05-27,58,0.691,0.826,2.0,-4.9,1.0,0.0423,0.0139,5.03e-06,0.0604,0.62,94.033,200242.0,4.0,bb
1hAloWiinXLPQUJxrJReb1,アイドル,YOASOBI,64tJ2EAv1R6UaZqc4iOCyj,2023-10-04,80,0.457,0.941,10.0,-2.692,0.0,0.0917,0.105,1.38e-06,0.437,0.876,165.783,211733.0,4.0,cc
0YTM7bCx451c6LQbkddy4Q,勇者,YOASOBI,64tJ2EAv1R6UaZqc4iOCyj,2023-10-04,77,0.655,0.907,5.0,-3.868,1.0,0.0488,0.0351,1.37e-05,0.15,0.506,103.968,194267.0,4.0,aa
6MCjmGYlw6mQVWRFVgBRvB,夜に駆ける,YOASOBI,64tJ2EAv1R6UaZqc4iOCyj,2021-01-06,77,0.663,0.871,8.0,-5.287,1.0,0.03,0.00299,1.8e-06,0.337,0.826,130.025,258840.0,4.0,bb
3RvdkNMcSy71m0aT6UF9Uf,水平線,back number,6rs1KAoQnFalSqSU4LTh8g,2023-01-17,74,0.424,0.761,10.0,-3.526,1.0,0.0305,0.0103,0.0,0.145,0.424,145.816,288013.0,4.0,cc
4FMz2RFrbDGzJO7K4D0vS3,HAPPY BIRTHDAY,back number,6rs1KAoQnFalSqSU4LTh8g,2019-03-27,75,0.482,0.602,11.0,-4.365,1.0,0.0303,0.0702,0.0,0.0677,0.535,145.988,258333.0,4.0,aa
34ayWAUrQcrjlKZOJAzqke,アイラブユー,back number,6rs1KAoQnFalSqSU4LTh8g,2023-01-17,73,,,,,,,,,,,,,,bb
4zrKPIygugUDKGFEjVwpSB,Subtitle,OFFICIAL HIGE DANDISM,5Vo1hnCRmCM6M4thZCInCj,2022-10-12,60,0.649,0.683,6.0,-6.49,1.0,0.0424,0.0313,0.0,0.118,0.381,130.0,305509.0,4.0,cc
1JrxwbZ9u0VNwemdcJwZNi,SOULSOUP,OFFICIAL HIGE DANDISM,5Vo1hnCRmCM6M4thZCInCj,2023-12-13,62,0.507,0.939,11.0,-4.299,0.0,0.0882,0.00104,0.0,0.279,0.618,144.046,314469.0,4.0,aa
6wffxmLgeZTbvS1hYvLkht,Tattoo,OFFICIAL HIGE DANDISM,5Vo1hnCRmCM6M4thZCInCj,2023-04-21,59,0.481,0.901,0.0,-5.629,1.0,0.163,0.0114,0.0,0.314,0.817,194.084,288100.0,4.0,bb
5Odq8ohlgIbQKMZivbWkEo,Left and Right (Feat. Jung Kook of BTS),BTS,3Nrfpe0tUJi4K4DXYWgMUX,2022-10-06,83,0.881,0.592,2.0,-4.898,1.0,0.0324,0.619,1.32e-05,0.0901,0.719,101.058,154487.0,4.0,cc
46HNZY1i7O6jwTA7Slo2PI,My Universe,BTS,3Nrfpe0tUJi4K4DXYWgMUX,2021-10-15,80,0.573,0.711,1.0,-6.268,0.0,0.0406,0.0114,0.0,0.328,0.47,105.006,226198.0,4.0,aa
5QDLhrAOJJdNAmCTJ8xMyW,Dynamite,BTS,3Nrfpe0tUJi4K4DXYWgMUX,2020-11-20,83,0.746,0.765,6.0,-4.41,0.0,0.0993,0.0112,0.0,0.0936,0.737,114.044,199054.0,4.0,bb
4JK1kDUdH9RTBQrrSO1QfR,ベテルギウス,Yuuri,0ixzjrK1wkN2zWBXt3VW3W,2022-01-12,75,0.367,0.671,5.0,-4.604,1.0,0.0478,0.222,0.0,0.494,0.691,179.833,230600.0,4.0,cc
7M0dIdZWN1FDcveRdoOzbZ,ビリミリオン,Yuuri,0ixzjrK1wkN2zWBXt3VW3W,2023-03-29,75,0.364,0.628,10.0,-6.142,1.0,0.0319,0.238,0.0,0.0931,0.612,93.792,228760.0,3.0,aa
4kPlQKwtPrnqLgrmmKFSlA,ドライフラワー,Yuuri,0ixzjrK1wkN2zWBXt3VW3W,2022-01-12,74,0.463,0.603,7.0,-5.464,1.0,0.0276,0.495,0.0,0.167,0.477,148.089,286360.0,4.0,bb
3khEEPRyBeOUabbmOPJzAG,KICK BACK,Kenshi Yonezu,1snhtMLeb2DYoMOcVbb8iB,2022-10-12,81,0.577,0.941,1.0,-5.17,1.0,0.105,0.00207,3.36e-06,0.0891,0.292,101.921,193495.0,4.0,cc
6x7SB38tuekpu4xpH9OIPY,地球儀 - Spinning Globe,Kenshi Yonezu,1snhtMLeb2DYoMOcVbb8iB,2023-07-17,74,0.642,0.289,10.0,-11.86,1.0,0.0472,0.763,0.0,0.0856,0.282,78.004,273438.0,4.0,aa
04TshWXkhV1qkqHzf31Hn6,Lemon,Kenshi Yonezu,1snhtMLeb2DYoMOcVbb8iB,2020-08-05,72,0.525,0.646,11.0,-4.963,1.0,0.0268,0.304,0.0,0.297,0.373,86.957,255827.0,4.0,bb
5NqGfELjcdvRIUuhgZJ34W,Marigold,Aimyon,5kVZa4lFUmAQlBogl1fkd6,2019-02-13,58,0.545,0.745,2.0,-3.098,1.0,0.0286,0.0452,0.0,0.0907,0.413,106.094,306627.0,4.0,cc
2piySGAWgVwsRKm60SfOmF,ai no hana,Aimyon,5kVZa4lFUmAQlBogl1fkd6,2023-04-05,50,0.469,0.507,10.0,-6.21,1.0,0.0303,0.287,0.0,0.0773,0.469,170.028,240044.0,3.0,aa
59eluCMn0XbOWqeWQ91FTM,君はロックを聴かない,Aimyon,5kVZa4lFUmAQlBogl1fkd6,2017-09-12,71,0.524,0.687,7.0,-4.039,1.0,0.0267,0.00135,0.0,0.169,0.619,99.919,246307.0,4.0,bb
1rDgAHDX95RmylxjgVW9tN,Show,Ado,6mEQK9m2krja6X1cfsAjfl,2023-09-06,75,0.616,0.975,10.0,-0.425,0.0,0.208,0.172,1.62e-06,0.143,0.742,132.054,189773.0,4.0,cc
6A8NfypDHuwiLWbo4a1yca,New Genesis,Ado,6mEQK9m2krja6X1cfsAjfl,2022-08-10,70,0.49,0.987,7.0,-2.279,1.0,0.253,0.049,3.24e-06,0.406,0.451,175.064,226813.0,4.0,aa
61KYsWS25JXUO4fGb1138X,Usseewa,Ado,6mEQK9m2krja6X1cfsAjfl,2022-01-26,71,0.526,0.976,11.0,-1.084,0.0,0.0799,0.00459,0.0,0.102,0.554,178.129,206893.0,4.0,bb
308Ir17KlNdlrbVLHWhlLe,The Feels,TWICE,7n2Ycct7Beij7Dj7meI4X0,2021-11-12,77,0.808,0.903,9.0,-2.179,1.0,0.0729,0.0899,0.0,0.0816,0.922,120.044,198053.0,4.0,cc
5IN9W6eUfk3014My9awagX,MOONLIGHT SUNRISE,TWICE,7n2Ycct7Beij7Dj7meI4X0,2023-03-10,73,0.746,0.78,1.0,-3.279,1.0,0.0563,0.401,4.08e-06,0.0895,0.607,125.089,180320.0,4.0,aa
3zhbXKFjUDw40pTYyCgt1Y,What is Love,TWICE,7n2Ycct7Beij7Dj7meI4X0,2018-07-09,77,0.574,0.909,8.0,-1.573,1.0,0.0658,0.0987,0.0,0.264,0.569,169.966,208240.0,4.0,bb
1n1y2kFPISpF9WGD3JaFo5,Suzume,RADWIMPS,1EowJ1WwkMzkCkRomFhui7,2022-11-10,70,0.565,0.41,2.0,-6.616,0.0,0.0311,0.65,0.0,0.309,0.36,78.01,238560.0,4.0,cc
5mEqD00bdFcsiVd0MfvEeF,Dream lantern,RADWIMPS,1EowJ1WwkMzkCkRomFhui7,2016-08-24,68,0.206,0.871,8.0,-5.751,1.0,0.419,0.0316,6.55e-05,0.0596,0.125,175.6,131667.0,3.0,aa
3A4FRzgve9BjfKbvVXRIFO,Sparkle - movie ver.,RADWIMPS,1EowJ1WwkMzkCkRomFhui7,2016-08-24,69,0.372,0.426,11.0,-8.421,1.0,0.0339,0.687,0.00784,0.109,0.287,123.993,537653.0,4.0,bb
0GWNtMohuYUEHVZ40tcnHF,SPECIALZ,King Gnu,6wxfx1yhyqjCPYwwxJktR2,2023-09-01,87,0.566,0.85,6.0,-4.431,0.0,0.0599,0.0663,0.0,0.319,0.722,117.048,238987.0,4.0,cc
0J0P8iSE6l3pYHbUdNFYdS,カメレオン,King Gnu,6wxfx1yhyqjCPYwwxJktR2,2022-02-28,76,0.628,0.533,0.0,-7.235,1.0,0.0417,0.643,0.0,0.0733,0.459,79.953,193990.0,4.0,aa
7ncPjJBktLEOpstY5JOUMK,一途,King Gnu,6wxfx1yhyqjCPYwwxJktR2,2021-12-10,74,0.5,0.964,2.0,-4.19,1.0,0.124,0.00723,6.2e-05,0.0557,0.662,159.971,190607.0,4.0,bb
5sdQOyqq2IDhvmx2lHOpwd,Super Shy,NewJeans,6HvZYsbFfjnjFrWF950C9d,2023-07-07,90,0.776,0.817,5.0,-6.018,0.0,0.0748,0.18,3.44e-05,0.146,0.515,149.921,154667.0,4.0,cc
65FftemJ1DbbZ45DUfHJXE,OMG,NewJeans,6HvZYsbFfjnjFrWF950C9d,2023-01-02,87,0.804,0.771,9.0,-4.067,0.0,0.0433,0.357,3.07e-06,0.108,0.739,126.956,212253.0,4.0,aa
3r8RuvgbX9s7ammBn07D3W,Ditto,NewJeans,6HvZYsbFfjnjFrWF950C9d,2022-12-19,86,0.814,0.641,6.0,-5.957,0.0,0.111,0.027,0.0,0.0993,0.183,133.854,185507.0,4.0,bb
5W7Y92LB4jWvu9NeEQ0GZl,なんでもないよ、,Macaroni Empitsu,1t17z3vfuc82cxSDMrvryJ,2022-01-12,74,0.598,0.511,4.0,-6.015,1.0,0.0423,0.245,0.0,0.0732,0.652,171.845,219253.0,4.0,cc
5N19AxnqLwLyi4DSgiJ0qV,リンジュー・ラヴ,Macaroni Empitsu,1t17z3vfuc82cxSDMrvryJ,2023-08-30,66,0.665,0.782,11.0,-5.37,1.0,0.0282,0.234,0.0,0.0822,0.62,103.011,188030.0,4.0,aa
2SihT7AVMiI2VtaAyVIcnO,恋人ごっこ,Macaroni Empitsu,1t17z3vfuc82cxSDMrvryJ,2020-04-01,68,0.438,0.646,1.0,-5.301,1.0,0.0361,0.124,0.0,0.0603,0.745,102.033,200219.0,4.0,bb
3wJHCry960drNlAUGrJLmz,ただ君に晴れ,ヨルシカ,4UK2Lzi6fBfUi9rpDt6cik,2018-05-09,77,0.679,0.834,5.0,-3.223,1.0,0.032,0.343,5.74e-06,0.119,0.962,139.996,198971.0,4.0,cc
5eY7692tmgHB9dbmq6wa2M,晴る,ヨルシカ,4UK2Lzi6fBfUi9rpDt6cik,2024-01-05,74,,,,,,,,,,,,,,aa
5j7ixaLeGTGSv4DzKs0pCM,だから僕は音楽を辞めた,ヨルシカ,4UK2Lzi6fBfUi9rpDt6cik,2019-04-10,73,0.65,0.88,4.0,-5.326,1.0,0.0283,0.36,0.00369,0.23,0.921,124.985,242913.0,4.0,bb
0o9zmvc5f3EFApU52PPIyW,Shinunoga E-Wa,Fujii Kaze,6bDWAcdtVR3WHz2xtiIPUi,2020-05-20,82,0.6,0.76,6.0,-6.124,0.0,0.0452,0.166,4.09e-05,0.189,0.519,158.078,185573.0,4.0,cc
02tNuntKQsoou5T4O8meyh,Hana,Fujii Kaze,6bDWAcdtVR3WHz2xtiIPUi,2023-10-12,66,0.769,0.716,5.0,-8.203,0.0,0.0429,0.118,0.00659,0.158,0.66,123.031,246700.0,4.0,aa
7AMGgAPFczs3wJgMqu6Eqi,Matsuri,Fujii Kaze,6bDWAcdtVR3WHz2xtiIPUi,2022-03-23,72,0.663,0.731,1.0,-7.335,1.0,0.0338,0.00892,0.0502,0.293,0.356,97.025,225920.0,4.0,bb
1H3qOzheTPhE7aVvJOWfvA,美しい鰭,SPITZ,5kjGRHClVacSyllOUqU1S0,2023-05-17,74,0.545,0.913,1.0,-3.565,1.0,0.0298,0.0107,0.00029,0.245,0.747,98.047,211920.0,4.0,cc
1OG1NoKpZZLrMqMYCk9m84,LALALALA,Stray Kids,2dIgFjalVxs4ThymZ67YCE,2023-11-10,87,0.705,0.849,0.0,-2.595,1.0,0.0493,0.0647,0.0,0.653,0.609,125.976,182224.0,4.0,aa
3gTQwwDNJ42CCLo3Sf4JDd,S-Class,Stray Kids,2dIgFjalVxs4ThymZ67YCE,2023-06-02,81,0.886,0.781,5.0,-1.837,0.0,0.333,0.0895,0.0,0.0715,0.672,104.996,195689.0,4.0,bb
5Q1tv4GTxP3IJeGMOKdrFO,MEGAVERSE,Stray Kids,2dIgFjalVxs4ThymZ67YCE,2023-11-10,81,0.613,0.73,10.0,-3.645,0.0,0.122,0.00875,2.25e-06,0.268,0.576,160.051,185520.0,4.0,cc
4UALTBWz0OdQcjbTsjFceV,Cinderella Boy,Saucy Dog,4WqXqPmUuenMIr4QaFrZXN,2021-08-25,52,0.596,0.735,9.0,-6.362,1.0,0.0332,0.0748,0.0,0.269,0.524,108.106,234324.0,4.0,aa
37ZddqLVyF23NIg5I17SBd,Itsuka,Saucy Dog,4WqXqPmUuenMIr4QaFrZXN,2017-05-24,46,0.603,0.509,7.0,-4.535,1.0,0.0263,0.0941,0.0,0.201,0.445,79.989,274872.0,4.0,bb
3f8WNy5rgXq7J74qjExRkb,Yui,Saucy Dog,4WqXqPmUuenMIr4QaFrZXN,2020-09-02,39,0.53,0.661,6.0,-7.09,1.0,0.0408,0.224,0.0,0.169,0.538,153.935,264840.0,4.0,cc
3AOf6YEpxQ894FmrwI9k96,Super,SEVENTEEN,7nqOGRxlXj7N2JYbgNEjYH,2023-04-24,82,0.771,0.88,8.0,-4.091,1.0,0.0857,0.162,1.41e-06,0.167,0.347,137.018,200387.0,4.0,aa
4MTNimMDRyFZv37Thcktwa,God of Music,SEVENTEEN,7nqOGRxlXj7N2JYbgNEjYH,2023-10-23,80,0.728,0.912,11.0,-2.55,0.0,0.167,0.0458,0.0,0.102,0.808,120.044,205133.0,4.0,bb
6I2tqFhk8tq69iursYxuxd,HOT,SEVENTEEN,7nqOGRxlXj7N2JYbgNEjYH,2022-05-27,77,0.765,0.777,5.0,-4.376,0.0,0.0399,0.0539,2.58e-06,0.338,0.64,111.944,197587.0,4.0,cc
0YAMQSmHk6BSUGTYpaoqTJ,Wherever you are,ONE OK ROCK,7k73EtZwoPs516ZxE72KsO,2010-06-09,66,0.379,0.69,4.0,-4.79,1.0,0.0549,0.0286,0.0,0.335,0.288,173.716,295600.0,4.0,aa
4WVJeRP6hjMMBkmWsV4TtF,Make It Out Alive,ONE OK ROCK,7k73EtZwoPs516ZxE72KsO,2023-08-24,69,0.495,0.936,1.0,-2.477,0.0,0.0717,1.02e-05,0.000193,0.0909,0.398,137.047,209799.0,4.0,bb
4zXRMjTaeflesB3Ih4eHnJ,Stand Out Fit In,ONE OK ROCK,7k73EtZwoPs516ZxE72KsO,2019-02-15,65,0.615,0.841,11.0,-5.352,1.0,0.0416,0.0178,0.0,0.133,0.316,126.026,214573.0,4.0,cc
7DyS11kB1YNrfDzQqtjmTh,"Stand by me, Stand by you.",HIRAIDAI,7JthQ6zwNzfxRfIEjp6wUs,2021-02-10,67,0.66,0.576,3.0,-5.627,1.0,0.0363,0.0879,0.0,0.0599,0.561,80.978,193013.0,4.0,aa
1GlT0DZKjapYwJzRcdBh4F,Buddy,HIRAIDAI,7JthQ6zwNzfxRfIEjp6wUs,2022-05-09,62,0.786,0.482,6.0,-6.82,1.0,0.0477,0.156,0.0,0.34,0.617,89.992,174233.0,4.0,bb
6skNbV22epX2yHu4O2hYSx,題名のない今日,HIRAIDAI,7JthQ6zwNzfxRfIEjp6wUs,2021-02-10,63,0.707,0.479,11.0,-6.088,1.0,0.0328,0.2,0.0,0.384,0.633,87.012,193709.0,4.0,cc
2flCpqsq9WAwFTjrtWtYBc,Relay~Mori no Uta,SOUTHERN ALL STARS,6HqHB2AFBXUQHQFN026oYP,2023-09-18,30,0.556,0.588,7.0,-6.353,1.0,0.0275,0.815,0.375,0.109,0.549,88.016,239494.0,4.0,aa
0POtzhZLoUX2bsFatFD4rD,Bongiri koiuta,SOUTHERN ALL STARS,6HqHB2AFBXUQHQFN026oYP,2023-07-17,29,0.573,0.945,9.0,-2.142,0.0,0.054,0.0901,0.0,0.0959,0.776,153.981,259481.0,4.0,bb
1gDOmbdOhMADkmNSU9eUMb,Utae Nippon no Sora,SOUTHERN ALL STARS,6HqHB2AFBXUQHQFN026oYP,2023-08-02,23,0.525,0.641,2.0,-5.335,1.0,0.0265,0.498,0.000108,0.362,0.787,142.902,247754.0,4.0,cc
0AU7xhipAm9Saq0k8A9Iua,HANABI,Mr.Children,1qma7XhwZotCAucL7NHVLY,2008-12-10,65,0.638,0.766,1.0,-5.541,1.0,0.0268,0.157,0.0,0.124,0.595,112.005,342773.0,4.0,aa
2CbDcSVFCbMSfLMoZiAFYN,Tomorrow never knows,Mr.Children,1qma7XhwZotCAucL7NHVLY,1994-11-10,64,0.637,0.485,0.0,-10.263,1.0,0.0245,0.173,0.0,0.122,0.403,109.035,308293.0,4.0,bb
60ba7YZ3yqbCDGAkPNXzBh,名もなき詩,Mr.Children,1qma7XhwZotCAucL7NHVLY,1996-06-24,62,0.555,0.852,7.0,-5.094,1.0,0.0375,0.0417,0.0,0.2,0.7,125.898,328173.0,4.0,cc
2hXPmiqKdXcbV0L1VKnTDN,最高到達点,SEKAI NO OWARI,7HwzlRPa9Ad0I8rK0FPzzK,2023-09-17,78,0.647,0.959,6.0,-3.835,1.0,0.0477,0.0737,0.0,0.0683,0.807,132.002,227469.0,4.0,aa
2uMNMcjjUz8oNIxjIu20qE,Habit,SEKAI NO OWARI,7HwzlRPa9Ad0I8rK0FPzzK,2022-04-28,69,0.749,0.85,10.0,-5.39,0.0,0.126,0.203,0.0,0.18,0.912,117.968,253154.0,4.0,bb
4XdzCpY4Ekv5SezuuFpBDG,Dragon Night,SEKAI NO OWARI,7HwzlRPa9Ad0I8rK0FPzzK,2015-01-14,67,0.616,0.825,10.0,-4.349,1.0,0.125,0.0342,8.7e-06,0.405,0.548,124.013,229293.0,4.0,cc
3cBghvTcQNDNkW98Y4eGaP,W / X / Y,Tani Yuuki,0B1ce3uNrzkdm76NXI4mhX,2021-12-08,58,0.628,0.775,2.0,-4.479,1.0,0.0535,0.159,0.0,0.33,0.674,106.382,278119.0,3.0,aa
40gt89icqkSFqWWfMlqagb,Mouichido,Tani Yuuki,0B1ce3uNrzkdm76NXI4mhX,2022-09-21,46,0.571,0.724,11.0,-5.381,1.0,0.0381,0.00408,0.0,0.361,0.315,131.975,250767.0,4.0,bb
0aLfQ35218wQrfCwNr0woA,Okaeri,Tani Yuuki,0B1ce3uNrzkdm76NXI4mhX,2021-12-08,36,0.337,0.775,5.0,-4.134,1.0,0.0609,0.591,0.0,0.0687,0.862,167.988,225829.0,3.0,cc
0cdyZ4VMs900wQLHRIyy97,Love So Sweet,ARASHI,1XYuC1vxinTjHCNd5clB8C,2007-07-11,42,0.584,0.849,0.0,-3.983,1.0,0.0403,0.1,0.0,0.304,0.707,139.032,289846.0,4.0,aa
3MiKEHatYtQrE0QSCdVRF0,Happiness,ARASHI,1XYuC1vxinTjHCNd5clB8C,2008-04-23,37,0.591,0.915,1.0,-3.018,1.0,0.0431,0.00649,0.0,0.0825,0.712,115.012,258251.0,4.0,bb
7eYJMiwmWFwVMbx2G39GgC,One Love,ARASHI,1XYuC1vxinTjHCNd5clB8C,2021-07-16,36,0.553,0.937,10.0,-3.173,1.0,0.0461,0.194,0.0,0.405,0.693,102.982,285459.0,4.0,cc
6twDMJoG8tzwL21LQ3EEtA,Mainstream,BE:FIRST,4wCW8kZ8LL7QIdcE8EOKPP,2023-09-13,72,0.901,0.714,10.0,-3.918,1.0,0.125,0.246,0.0,0.0529,0.52,100.011,207053.0,4.0,aa
37xJCjdzJ17S1jCDz3GwsB,Boom Boom Back,BE:FIRST,4wCW8kZ8LL7QIdcE8EOKPP,2023-02-13,71,0.786,0.776,5.0,-4.553,0.0,0.0614,0.0484,0.0,0.0593,0.647,100.006,188400.0,4.0,bb
2P7T4KMNrQ7mLXERZHhWYE,Glorious,BE:FIRST,4wCW8kZ8LL7QIdcE8EOKPP,2023-11-06,69,0.607,0.825,8.0,-5.483,1.0,0.0838,0.0953,0.0,0.0813,0.283,80.942,281427.0,4.0,cc
39HrUxcvKF3jtLz7fUDWXc,First Love,Hikaru Utada,7lbSsjYACZHn1MSDXPxNF2,1999-03-10,73,0.438,0.434,7.0,-8.37,1.0,0.0371,0.122,0.0,0.15,0.195,179.913,257293.0,4.0,aa
6DaKMsQDmHMJbKYyU7AUFA,One Last Kiss,Hikaru Utada,7lbSsjYACZHn1MSDXPxNF2,2022-01-19,62,0.597,0.542,8.0,-10.703,0.0,0.0563,0.698,0.00264,0.0986,0.397,111.985,249904.0,4.0,bb
4nYtqZDscX8TLvR4p0ON1s,道,Hikaru Utada,7lbSsjYACZHn1MSDXPxNF2,2016-09-28,67,0.754,0.716,5.0,-5.125,0.0,0.0515,0.305,1.3e-06,0.114,0.397,117.087,216013.0,4.0,cc
2Bsg6EfrmEx0x0eC8v4vuG,栞,Creep Hyp,6POfB0fHdzXFLWL3RHxLv8,2018-09-26,63,0.505,0.883,6.0,-3.094,1.0,0.0481,0.0117,0.0,0.0578,0.666,100.496,261547.0,4.0,aa
0bQcCm1gmBavM1NYBxPvbe,He Is Mine,Creep Hyp,6POfB0fHdzXFLWL3RHxLv8,2010-09-08,38,0.483,0.938,2.0,-3.086,1.0,0.205,0.0211,6.54e-05,0.0653,0.439,158.183,197027.0,4.0,bb
2XvtKqNuL8vCkekyzmb8OJ,キケンナアソビ,Creep Hyp,6POfB0fHdzXFLWL3RHxLv8,2021-12-08,59,0.683,0.684,11.0,-5.325,1.0,0.0307,0.138,0.0,0.16,0.674,88.018,241213.0,4.0,cc
3IYcbagYZ9z1Svaw8B33Pd,イチブトゼンブ,B'z,7i9bNUSGORP5MIgrii3cJc,2009-11-18,61,0.564,0.94,7.0,-3.132,1.0,0.0677,0.0988,1.09e-05,0.108,0.613,109.03,249797.0,4.0,aa
4zz5dSunCrg0pmNT4ZzBf5,ultra soul,B'z,7i9bNUSGORP5MIgrii3cJc,2005-11-30,57,0.585,0.972,1.0,-4.33,0.0,0.0572,0.0027,0.133,0.323,0.706,126.559,219944.0,4.0,bb
3Ro8jrbsWu0VSk1odLLYuo,いつかのメリークリスマス,B'z,7i9bNUSGORP5MIgrii3cJc,1992-12-09,60,0.589,0.521,7.0,-7.517,1.0,0.0259,0.497,0.0,0.119,0.243,99.893,334319.0,4.0,cc
74X2u8JMVooG2QbjRxXwR8,Perfect Night,LE SSERAFIM,4SpbR6yFEvexJuaBpgAU5p,2023-10-27,91,0.697,0.82,5.0,-4.502,1.0,0.0308,0.1,0.0,0.0631,0.502,136.054,159080.0,4.0,aa
0bMoNdAnxNR0OuQbGDovrr,ANTIFRAGILE,LE SSERAFIM,4SpbR6yFEvexJuaBpgAU5p,2023-05-01,80,0.879,0.784,10.0,-3.944,0.0,0.081,0.0759,0.0,0.125,0.83,105.019,184444.0,4.0,bb
51vRumtqbkNW9wrKfESwfu,UNFORGIVEN (feat. Nile Rodgers),LE SSERAFIM,4SpbR6yFEvexJuaBpgAU5p,2023-05-01,82,0.795,0.875,4.0,-4.079,0.0,0.0525,0.111,8.94e-05,0.107,0.375,104.008,182149.0,4.0,cc
2cErTn7DU75ZILisPP34TB,残響散歌,Aimer,0bAsR2unSRpn6BQPEnNlZm,2023-07-26,67,0.378,0.899,11.0,-4.594,1.0,0.0968,0.0181,0.0,0.158,0.454,170.88,184893.0,4.0,aa
2HovXsvcdJur52BOcYGydz,カタオモイ,Aimer,0bAsR2unSRpn6BQPEnNlZm,2016-09-21,69,0.621,0.533,1.0,-5.974,1.0,0.0342,0.78,0.0,0.333,0.791,96.981,207360.0,4.0,bb
6ts1KCOudfDYXYfyWtq0k1,おもかげ (produced by Vaundy),Aimer,0bAsR2unSRpn6BQPEnNlZm,2021-12-17,69,0.488,0.638,8.0,-4.502,1.0,0.058,0.0258,2.24e-05,0.12,0.713,207.906,188060.0,4.0,cc
70t7Q6AYG6ZgTYmJWcnkUM,I AM,IVE,6RHTUrRF63xao58xh9FXYJ,2023-04-10,83,0.683,0.875,4.0,-4.866,0.0,0.0549,0.0115,0.0,0.084,0.384,122.002,183853.0,4.0,aa
7uyeEbG6hyApgXuEypGcsZ,Baddie,IVE,6RHTUrRF63xao58xh9FXYJ,2023-10-13,81,0.736,0.678,5.0,-4.503,1.0,0.0464,0.0459,5.46e-06,0.104,0.757,160.045,154360.0,4.0,bb
2gYj9lubBorOPIVWsTXugG,After LIKE,IVE,6RHTUrRF63xao58xh9FXYJ,2022-08-22,80,0.68,0.922,0.0,-1.215,1.0,0.121,0.103,0.0,0.0877,0.799,125.014,176973.0,4.0,cc
66jdKha03fC7OMdkGyQHDM,Monopoly,Nogizaka46,08lN7bm4Etec8ETFxaTUmq,2023-12-06,54,0.444,0.917,5.0,-2.091,0.0,0.0366,0.0721,0.0,0.223,0.657,162.95,238187.0,4.0,aa
2JAwscGWJvCSK0HnES066Z,おひとりさま天国,Nogizaka46,08lN7bm4Etec8ETFxaTUmq,2023-08-16,55,0.585,0.918,3.0,-3.019,1.0,0.0384,0.014,0.0,0.342,0.746,125.03,255187.0,4.0,bb
4bY2oZGA5Br3pTE1Jd1IfY,月の大きさ,Nogizaka46,08lN7bm4Etec8ETFxaTUmq,2013-11-27,58,0.555,0.941,9.0,-3.294,0.0,0.0481,0.484,0.0,0.266,0.813,92.487,236293.0,4.0,cc
4SFknyjLcyTLJFPKD2m96o,How You Like That,BLACKPINK,41MozSoPIsD1dJM0CLPjZF,2020-10-02,88,0.812,0.761,11.0,-5.222,1.0,0.0812,0.0465,0.000135,0.0601,0.344,130.032,182956.0,4.0,aa
7gRFDGEzF9UkBV233yv2dc,Shut Down,BLACKPINK,41MozSoPIsD1dJM0CLPjZF,2022-09-15,76,0.818,0.69,0.0,-5.119,1.0,0.0454,0.00327,0.0,0.186,0.688,110.071,175889.0,3.0,bb
5zwwW9Oq7ubSxoCGyW1nbY,Pink Venom,BLACKPINK,41MozSoPIsD1dJM0CLPjZF,2022-09-15,76,0.693,0.734,4.0,-6.189,1.0,0.202,0.0145,0.0,0.217,0.708,180.06,186964.0,4.0,cc
2VBLFxCUyFp5BfmsZpxcis,絆ノ奇跡,milet,45ft4DyTCEJfQwTBHXpdhM,2023-04-10,76,0.436,0.951,7.0,-4.748,0.0,0.202,0.0046,0.0,0.149,0.428,169.955,223320.0,4.0,aa
7FeEiAWqWScpMFnlLSUvX2,Anytime Anywhere,milet,45ft4DyTCEJfQwTBHXpdhM,2023-09-29,69,0.365,0.767,4.0,-4.107,1.0,0.0659,0.498,0.0,0.156,0.399,109.261,230450.0,5.0,bb
6ts1KCOudfDYXYfyWtq0k1,おもかげ (produced by Vaundy),milet,45ft4DyTCEJfQwTBHXpdhM,2021-12-17,69,0.488,0.638,8.0,-4.502,1.0,0.058,0.0258,2.24e-05,0.12,0.713,207.906,188060.0,4.0,cc
2HRgqmZQC0MC7GeNuDIXHN,Seven (feat. Latto) (Explicit Ver.),Jung Kook,6HaGTQPmzraVmaVxvz6EUc,2023-11-03,91,0.79,0.831,11.0,-4.185,1.0,0.044,0.312,0.0,0.0797,0.872,124.987,183551.0,4.0,aa
2KslE17cAJNHTsI2MI0jb2,Standing Next to You,Jung Kook,6HaGTQPmzraVmaVxvz6EUc,2023-11-03,97,0.711,0.809,2.0,-4.389,0.0,0.0955,0.0447,0.0,0.339,0.816,106.017,206020.0,4.0,bb
01qFKNWq73UfEslI0GvumE,3D (feat. Jack Harlow),Jung Kook,6HaGTQPmzraVmaVxvz6EUc,2023-10-02,86,0.853,0.824,1.0,-3.287,1.0,0.103,0.0322,0.0,0.0859,0.888,108.044,201812.0,4.0,cc
567e29TDzLwZwfDuEpGTwo,STAY (with Justin Bieber),The Kid LAROI,2tIP7SsRs7vjIcLrU85W8J,2021-07-27,85,0.591,0.764,1.0,-5.484,1.0,0.0483,0.0383,0.0,0.103,0.478,169.928,141806.0,4.0,aa
100fbGocyqbBPQkTDchi2g,TOO MUCH,The Kid LAROI,2tIP7SsRs7vjIcLrU85W8J,2023-11-10,76,0.753,0.719,10.0,-5.607,0.0,0.199,0.264,0.0,0.154,0.474,94.977,203895.0,4.0,bb
2m6HgwjakjAXimujX8m4sk,BLEED,The Kid LAROI,2tIP7SsRs7vjIcLrU85W8J,2023-11-10,76,0.566,0.417,10.0,-7.025,0.0,0.0256,0.647,0.0,0.188,0.669,174.798,169990.0,3.0,cc
2fJbss5uUmmBqn7qFkmyWj,残機,ZUTOMAYO,38WbKH6oKAZskBhqDFA8Uj,2023-06-06,63,0.667,0.899,2.0,-2.988,1.0,0.0671,0.418,0.0,0.0967,0.826,140.954,230373.0,4.0,aa
4HgsPAX3MmMgIT60hJ4W4U,秒針を噛む,ZUTOMAYO,38WbKH6oKAZskBhqDFA8Uj,2019-10-29,65,0.655,0.962,1.0,-3.055,0.0,0.0443,0.0197,5.56e-06,0.253,0.775,129.902,260800.0,4.0,bb
7rzoBRR4LbJZH5t7Q6qeTn,あいつら全員同窓会,ZUTOMAYO,38WbKH6oKAZskBhqDFA8Uj,2023-06-06,61,0.724,0.925,10.0,-2.092,1.0,0.12,0.441,0.0,0.0527,0.91,130.977,254533.0,4.0,cc
7qOsSOpiL3R8RKyiBtIYNQ,SOUVENIR,BUMP OF CHICKEN,0hSFeqPehe7FtCNWuQ6Bsy,2022-09-29,69,0.622,0.94,2.0,-4.997,1.0,0.0413,0.0094,6.48e-06,0.0957,0.96,158.056,264127.0,4.0,aa
0vMBqdJIkmflvFk728hKH7,Sleep Walking Orchestra,BUMP OF CHICKEN,0hSFeqPehe7FtCNWuQ6Bsy,2023-12-11,67,0.677,0.836,1.0,-6.065,1.0,0.0283,0.00365,6.28e-05,0.235,0.83,126.983,235659.0,4.0,bb
3hRRYgBeunE3PTmnzATTS0,天体観測,BUMP OF CHICKEN,0hSFeqPehe7FtCNWuQ6Bsy,2002-02-20,64,0.366,0.949,1.0,-3.552,1.0,0.11,0.381,0.0,0.0902,0.467,164.979,263600.0,4.0,cc
3MR8qQiK1Bydhw9WjAzwzU,スパークル,Lilas Ikuta,1qM11R4ylJyQiPJ0DffE9z,2023-03-08,66,0.617,0.629,11.0,-4.122,1.0,0.0448,0.389,0.0,0.0798,0.603,149.858,210500.0,4.0,aa
6ts1KCOudfDYXYfyWtq0k1,おもかげ (produced by Vaundy),Lilas Ikuta,1qM11R4ylJyQiPJ0DffE9z,2021-12-17,69,0.488,0.638,8.0,-4.502,1.0,0.058,0.0258,2.24e-05,0.12,0.713,207.906,188060.0,4.0,bb
7FiTlLKW0Knj8rm7lMa9N7,ばかまじめ,Lilas Ikuta,1qM11R4ylJyQiPJ0DffE9z,2022-09-07,64,,,,,,,,,,,,,,cc
1VHL1PIkhDwWbFc65xHwOr,愛とか恋とか,Novelbright,0jWCX6zp4RjWrmZRxJ2uri,2022-05-16,70,0.697,0.556,6.0,-5.089,1.0,0.0364,0.698,0.0,0.0991,0.404,89.987,232453.0,4.0,aa
7tGDXCPLpAScEwmqab9YZd,Walking with you,Novelbright,0jWCX6zp4RjWrmZRxJ2uri,2018-10-03,70,0.422,0.969,7.0,-0.824,1.0,0.0591,0.00585,0.0,0.533,0.496,92.524,223187.0,4.0,bb
6sElEqOIGENWjpxGFeo5ct,ツキミソウ,Novelbright,0jWCX6zp4RjWrmZRxJ2uri,2021-04-26,65,0.504,0.645,6.0,-3.244,1.0,0.0352,0.432,0.0,0.231,0.473,77.959,312053.0,4.0,cc
6Qq8UOS6QzeSYFUVXC5wEB,何度でも,DREAMS COME TRUE,2mJOGcLR3aCHkM1uAF93or,2005-01-01,66,0.551,0.768,4.0,-5.147,1.0,0.0386,0.213,0.0,0.253,0.35,100.037,222760.0,4.0,aa
1tcEqPHAQCOKIHwUMQ2POT,LOVE LOVE LOVE,DREAMS COME TRUE,2mJOGcLR3aCHkM1uAF93or,1995-07-24,43,0.447,0.383,1.0,-10.62,1.0,0.0263,0.474,0.0,0.11,0.276,83.929,204493.0,4.0,bb
1jv8fStBVa5PTklNdKltXl,やさしいキスをして,DREAMS COME TRUE,2mJOGcLR3aCHkM1uAF93or,2004-01-01,38,0.52,0.61,7.0,-5.859,0.0,0.0266,0.161,0.0,0.153,0.255,83.939,224347.0,4.0,cc
2EmkTBTh964LQen4Vz0svg,花になって - Be a flower,Ryokuoushoku Shakai,4SJ7qRgJYNXB9Yttzs4aSa,2023-10-29,80,0.569,0.953,10.0,-2.018,0.0,0.109,0.166,5.78e-06,0.071,0.477,96.047,199333.0,3.0,aa
6IO5nn84TKArsi3cjpIqaD,Mela!,Ryokuoushoku Shakai,4SJ7qRgJYNXB9Yttzs4aSa,2020-04-13,71,0.619,0.941,8.0,-1.618,1.0,0.0584,0.0439,1.73e-05,0.318,0.624,137.967,242067.0,4.0,bb
6SwATVDZUy3jha72jDyxe2,サマータイムシンデレラ,Ryokuoushoku Shakai,4SJ7qRgJYNXB9Yttzs4aSa,2023-07-24,70,0.544,0.93,7.0,-1.974,1.0,0.0648,0.423,0.0,0.26,0.311,143.057,228920.0,4.0,cc
5Odq8ohlgIbQKMZivbWkEo,Left and Right (Feat. Jung Kook of BTS),Charlie Puth,6VuMaDnrHyPL1p4EHjYLi7,2022-10-06,83,0.881,0.592,2.0,-4.898,1.0,0.0324,0.619,1.32e-05,0.0901,0.719,101.058,154487.0,4.0,aa
5cF0dROlMOK5uNZtivgu50,Attention,Charlie Puth,6VuMaDnrHyPL1p4EHjYLi7,2018-05-11,86,0.775,0.613,3.0,-4.586,0.0,0.0542,0.109,2.33e-05,0.134,0.797,100.066,208787.0,4.0,bb
7ztdl6cnbJgHRdMkKldkts,キセキ,GReeeeN,14T8NkbwXVZgbOvwnuGV89,2008-01-01,65,0.641,0.618,0.0,-4.269,1.0,0.0259,0.0932,0.0,0.155,0.338,90.032,271160.0,4.0,cc
7iXHLtPosbHvglVSJ4rxLq,愛唄,GReeeeN,14T8NkbwXVZgbOvwnuGV89,2007-01-01,66,0.505,0.791,8.0,-3.729,1.0,0.0308,0.0839,0.0,0.187,0.425,169.964,236253.0,4.0,aa
54HMpdV2FTXgcI0dkDzMc8,道,GReeeeN,14T8NkbwXVZgbOvwnuGV89,2007-01-01,61,0.615,0.912,10.0,-3.947,1.0,0.0384,0.217,0.0,0.212,0.612,94.983,246960.0,4.0,bb
7iQXYTyuG13aoeHxGG28Nh,PERRO NEGRO,Bad Bunny,4q3ewBCX7sLwd24euuV69X,2023-10-13,96,0.911,0.778,5.0,-2.248,1.0,0.262,0.0887,2.16e-05,0.179,0.345,96.057,162768.0,4.0,cc
4MjDJD8cW7iVeWInc2Bdyj,MONACO,Bad Bunny,4q3ewBCX7sLwd24euuV69X,2023-10-13,94,0.787,0.621,4.0,-5.009,0.0,0.068,0.15,0.000402,0.58,0.13,139.056,267194.0,4.0,aa
2yzshFeBIwH8tWIqHEFLeD,un x100to,Bad Bunny,4q3ewBCX7sLwd24euuV69X,2023-08-25,87,0.571,0.72,9.0,-4.089,1.0,0.0458,0.213,0.0,0.271,0.542,83.827,194563.0,4.0,bb
7iQXYTyuG13aoeHxGG28Nh,PERRO NEGRO,Feid,2LRoIwlKmHjgvigdNGBHNo,2023-10-13,96,0.911,0.778,5.0,-2.248,1.0,0.262,0.0887,2.16e-05,0.179,0.345,96.057,162768.0,4.0,cc
7bywjHOc0wSjGGbj04XbVi,LUNA,Feid,2LRoIwlKmHjgvigdNGBHNo,2023-12-01,95,0.774,0.86,7.0,-2.888,0.0,0.13,0.131,0.0,0.116,0.446,100.019,196800.0,4.0,aa
1hZsWUnLbqRw09jLAMQSsb,CLASSY 101,Feid,2LRoIwlKmHjgvigdNGBHNo,2023-12-01,85,0.858,0.665,11.0,-4.772,1.0,0.152,0.126,0.0,0.119,0.659,100.09,195587.0,4.0,bb
5RqSsdzTNPX1uzkmlHCFvK,QLONA,KAROL G,790FomKkXshlbRYZFtlgla,2023-08-10,93,0.841,0.738,7.0,-7.455,0.0,0.307,0.52,0.0,0.0892,0.484,169.918,172798.0,4.0,cc
505v13epFXodT9fVAJ6h8k,AMARGURA,KAROL G,790FomKkXshlbRYZFtlgla,2023-02-24,90,0.92,0.696,6.0,-3.356,0.0,0.0742,0.183,0.0,0.149,0.545,106.966,170480.0,4.0,aa
54zcJnb3tp9c5OVKREZ1Is,MI EX TENÍA RAZÓN,KAROL G,790FomKkXshlbRYZFtlgla,2023-08-10,88,0.634,0.725,5.0,-4.945,0.0,0.0587,0.0776,0.0,0.211,0.795,159.845,154375.0,4.0,bb
2kz1YOhJiNubjigR1gB1VX,DILUVIO,Rauw Alejandro,1mcTU81TzQhprhouKaTkpq,2023-07-07,91,0.845,0.795,9.0,-3.502,0.0,0.0681,0.343,1.78e-05,0.224,0.681,94.969,197053.0,4.0,cc
609E1JCInJncactoMmkDon,BESO,Rauw Alejandro,1mcTU81TzQhprhouKaTkpq,2023-03-24,86,0.768,0.644,5.0,-6.671,0.0,0.136,0.736,0.000837,0.173,0.53,95.05,194543.0,4.0,aa
21N77gfWYoQDvrLvaeiQgi,BABY HELLO,Rauw Alejandro,1mcTU81TzQhprhouKaTkpq,2023-07-07,78,0.773,0.893,1.0,-3.733,0.0,0.0483,0.164,3.01e-06,0.429,0.842,130.013,222462.0,4.0,bb
6gMj2DzKR2PjrrbNSwcGFR,OA,Anuel AA,2R21vXR83lH98kGeO99Y66,2023-10-13,87,0.813,0.866,7.0,-3.239,1.0,0.0851,0.17,0.0,0.0421,0.647,99.994,235200.0,4.0,cc
15GcuHNJMf7LqwpU3N4Puw,Luces Tenues,Anuel AA,2R21vXR83lH98kGeO99Y66,2023-12-22,85,,,,,,,,,,,,,,aa
1LiN0Z98FkR1t0m8KmLcAH,Amanece,Anuel AA,2R21vXR83lH98kGeO99Y66,2018-12-14,84,0.79,0.631,8.0,-5.549,0.0,0.0425,0.437,0.0,0.158,0.889,94.039,190005.0,4.0,bb
7ABLbnD53cQK00mhcaOUVG,LALA,Myke Towers,7iK8PXO48WeuP03g8YR51W,2023-03-23,94,0.708,0.737,1.0,-4.045,1.0,0.0436,0.0739,0.00162,0.0955,0.607,91.986,197920.0,4.0,cc
7iUtQNMRB8ZkKC4AmEuCJC,LA FALDA,Myke Towers,7iK8PXO48WeuP03g8YR51W,2023-11-23,89,0.8,0.738,7.0,-4.26,1.0,0.0691,0.372,0.00877,0.19,0.267,103.008,174230.0,4.0,aa
4PA1wK0leCjmRZlP5dQ8Lv,El Cielo,Myke Towers,7iK8PXO48WeuP03g8YR51W,2023-06-02,86,0.715,0.642,10.0,-7.492,0.0,0.0515,0.0687,0.0,0.0997,0.169,105.964,191321.0,4.0,bb
0DWdj2oZMBFSzRsi2Cvfzf,TQG,Shakira,0EmeFodog0BfCgMzAIvKQp,2023-02-24,89,0.72,0.63,4.0,-3.547,0.0,0.277,0.673,0.0,0.0936,0.607,179.974,199440.0,4.0,cc
3ZFTkvIE7kyPt6Nu3PEa7V,Hips Don't Lie (feat. Wyclef Jean),Shakira,0EmeFodog0BfCgMzAIvKQp,2005-11-28,87,0.778,0.824,10.0,-5.892,0.0,0.0707,0.284,0.0,0.405,0.758,100.024,218093.0,4.0,aa
4nrPB8O7Y7wsOCJdgXkthe,"Shakira: Bzrp Music Sessions, Vol. 53",Shakira,0EmeFodog0BfCgMzAIvKQp,2023-01-11,86,0.778,0.632,2.0,-5.6,0.0,0.0493,0.274,0.0,0.0915,0.498,122.104,218289.0,4.0,bb
1zsPaEkglFvxjAhrM8yhpr,Hey Mor,Ozuna,1i8SpTcr7yvPOmcqrbnVXY,2022-10-07,87,0.901,0.589,1.0,-6.713,0.0,0.289,0.00302,0.000237,0.0992,0.399,98.002,196600.0,4.0,cc
6C1RD7YQVvt3YQj0CmuTeu,Diles,Ozuna,1i8SpTcr7yvPOmcqrbnVXY,2016-08-26,82,0.813,0.56,2.0,-5.904,0.0,0.0618,0.108,0.0,0.268,0.287,118.033,286041.0,4.0,aa
3j5zNcb0aSk7dx3W3mAKzw,Pa Ti Estoy,Ozuna,1i8SpTcr7yvPOmcqrbnVXY,2023-11-17,81,,,,,,,,,,,,,,bb
228BxWXUYQPJrJYHDLOHkj,Gasolina,Daddy Yankee,4VMYDCV2IEDYJArk749S6m,2004-07-13,85,0.852,0.797,0.0,-6.543,1.0,0.0614,0.322,2.69e-06,0.0845,0.741,96.008,192600.0,4.0,cc
69vlMrzHwATKzupwNcUPyK,La Santa,Daddy Yankee,4VMYDCV2IEDYJArk749S6m,2020-02-29,82,0.744,0.868,1.0,-4.524,1.0,0.047,0.0326,0.0,0.0822,0.586,93.037,206420.0,4.0,aa
26QKsGW4hMuwiEE1ftUMHe,"Lo Que Pasó, Pasó",Daddy Yankee,4VMYDCV2IEDYJArk749S6m,2004-07-13,82,0.819,0.741,8.0,-6.538,0.0,0.0412,0.104,0.0,0.283,0.84,97.014,210933.0,4.0,bb
4khWEpnaijN0G1x019Uzdr,No Se Va,Morat,5C4PDR4LnhZTbVnKWXuDKD,2018-10-25,82,0.734,0.685,0.0,-5.37,1.0,0.0453,0.117,0.0,0.109,0.754,92.042,216753.0,4.0,cc
71iAechwVKGu26pahzFL0k,Cuando Nadie Ve,Morat,5C4PDR4LnhZTbVnKWXuDKD,2018-10-25,81,0.806,0.778,1.0,-4.577,0.0,0.0616,0.133,0.0,0.218,0.84,95.993,219587.0,4.0,aa
1mlGScrDQqHqmhdIqE8MmA,Besos En Guerra,Morat,5C4PDR4LnhZTbVnKWXuDKD,2018-10-25,80,0.69,0.973,2.0,-3.588,1.0,0.0492,0.126,0.0,0.101,0.772,143.957,231533.0,4.0,bb
6VciS3dRMpZhJiDxT8ArFi,"Young Miko: Bzrp Music Sessions, Vol. 58",Bizarrap,716NhGYqD1jl2wI1Qkgq36,2024-01-10,90,,,,,,,,,,,,,,cc
2tTmW7RDtMQtBk7m2rYeSw,"Quevedo: Bzrp Music Sessions, Vol. 52",Bizarrap,716NhGYqD1jl2wI1Qkgq36,2022-07-06,88,0.621,0.782,2.0,-5.548,1.0,0.044,0.0125,0.033,0.23,0.55,128.033,198938.0,4.0,aa
4SW9gHnW8NfKOdqmh0ij45,Fruto,Bizarrap,716NhGYqD1jl2wI1Qkgq36,2023-10-04,86,0.801,0.517,2.0,-8.205,0.0,0.269,0.494,1.45e-06,0.355,0.923,160.254,133969.0,4.0,bb
0fea68AdmYNygeTGI4RC18,LA CANCIÓN,J Balvin,1vyhD5VmyZ7KMfW5gqLgo5,2019-06-28,86,0.754,0.646,7.0,-5.795,1.0,0.317,0.152,1.85e-05,0.108,0.429,176.089,242573.0,4.0,cc
2beS6dD5rovBxSA1zYoSHR,No Me Conoce - Remix,J Balvin,1vyhD5VmyZ7KMfW5gqLgo5,2019-05-24,84,0.804,0.787,10.0,-3.824,0.0,0.0746,0.14,0.0,0.0927,0.562,91.974,309120.0,4.0,aa
7hynhxDoDpgMIV12JuVtNa,UN PESO,J Balvin,1vyhD5VmyZ7KMfW5gqLgo5,2019-06-28,81,0.627,0.675,5.0,-7.125,0.0,0.213,0.125,0.0,0.0784,0.961,79.31,277107.0,4.0,bb
6XbtvPmIpyCbjuT0e8cQtp,Columbia,Quevedo,52iwsT98xCoGgiGntTiR7K,2023-07-07,93,0.668,0.712,5.0,-5.927,1.0,0.0381,0.369,2.13e-05,0.108,0.264,100.02,186000.0,4.0,cc
2tTmW7RDtMQtBk7m2rYeSw,"Quevedo: Bzrp Music Sessions, Vol. 52",Quevedo,52iwsT98xCoGgiGntTiR7K,2022-07-06,88,0.621,0.782,2.0,-5.548,1.0,0.044,0.0125,0.033,0.23,0.55,128.033,198938.0,4.0,aa
6gMj2DzKR2PjrrbNSwcGFR,OA,Quevedo,52iwsT98xCoGgiGntTiR7K,2023-10-13,87,0.813,0.866,7.0,-3.239,1.0,0.0851,0.17,0.0,0.0421,0.647,99.994,235200.0,4.0,bb
1Hs1uUl8o2VtDp1DABFq0O,Los del Espacio,Duki,1bAftSH8umNcGZ0uyV7LMg,2023-06-01,86,0.813,0.682,0.0,-3.598,1.0,0.0402,0.107,0.0,0.108,0.634,120.011,338000.0,4.0,cc
0NO2zL0kw8sGGnaMvHKAZF,Marisola - Remix,Duki,1bAftSH8umNcGZ0uyV7LMg,2022-12-15,79,0.765,0.872,1.0,-5.863,1.0,0.0498,0.173,5.65e-06,0.0749,0.722,94.999,237474.0,4.0,aa
03a359wbiUsjN9h6yzXvmS,She Don't Give a Fo,Duki,1bAftSH8umNcGZ0uyV7LMg,2018-03-12,79,0.854,0.556,1.0,-4.49,1.0,0.14,0.345,0.0,0.165,0.342,119.938,209531.0,4.0,bb
29QkpKsdxiChq3xsmu5VDG,Amor Vuelve - (En Vivo),Grupo 5,0l8RtvcBMjeOqfgRSVo2d6,2023-05-26,63,0.626,0.936,8.0,-5.608,0.0,0.031,0.115,0.0,0.321,0.947,133.0,226878.0,4.0,cc
2yjHvbMtfyoXXJYpsR3rYP,Motor Y Motivo,Grupo 5,0l8RtvcBMjeOqfgRSVo2d6,2005-01-31,65,0.739,0.887,0.0,-5.084,1.0,0.0317,0.167,0.0,0.225,0.873,98.011,196990.0,4.0,aa
3SQRqRJ4xl2FZ8B5eswvvU,El Ritmo de Mi Corazón,Grupo 5,0l8RtvcBMjeOqfgRSVo2d6,2020-08-07,63,0.664,0.878,8.0,-7.021,1.0,0.0359,0.0249,6.53e-06,0.038,0.927,106.508,220324.0,4.0,bb
5jt25aFjW2kNoBqaEVaz5W,LA INOCENTE,Mora,0Q8NcsJwoCbZOHHW63su5S,2022-04-01,87,0.757,0.789,5.0,-3.46,0.0,0.0583,0.307,0.0,0.0717,0.464,91.911,202174.0,4.0,cc
0QRHOAeU8JRaVVn3UoZBih,REINA,Mora,0Q8NcsJwoCbZOHHW63su5S,2023-08-28,85,0.724,0.578,10.0,-7.117,1.0,0.0819,0.632,1.06e-06,0.0943,0.757,167.985,211879.0,4.0,aa
4qSEvFGCpde73gqIuq3sho,HIBIKI,Mora,0Q8NcsJwoCbZOHHW63su5S,2023-10-13,85,0.801,0.645,6.0,-5.605,0.0,0.0706,0.604,0.0,0.118,0.528,119.935,208000.0,4.0,bb
4bw8mcDUSRWfQo63ZTYRnU,Según Quién,Maluma,1r4hJ1h58CWwUQe3MxPuau,2023-08-25,91,0.909,0.762,9.0,-3.974,1.0,0.0643,0.434,0.0,0.0856,0.843,101.987,142335.0,3.0,cc
6gMj2DzKR2PjrrbNSwcGFR,OA,Maluma,1r4hJ1h58CWwUQe3MxPuau,2023-10-13,87,0.813,0.866,7.0,-3.239,1.0,0.0851,0.17,0.0,0.0421,0.647,99.994,235200.0,4.0,aa
0XjX9s0XWOKZc8PLuW02wJ,COCO LOCO,Maluma,1r4hJ1h58CWwUQe3MxPuau,2023-08-25,74,0.783,0.868,7.0,-2.961,0.0,0.0591,0.19,0.0,0.165,0.727,109.977,166735.0,4.0,bb
6CvTEtGagmzQvkUzzyKR9k,HARLEY QUINN,Marshmello,64KEffDW9EtZ1y2vBYgq8T,2023-10-20,95,0.815,0.741,1.0,-6.04,1.0,0.0569,0.0277,0.0183,0.219,0.591,125.031,143327.0,4.0,cc
7BqHUALzNBTanL6OvsqmC1,Happier,Marshmello,64KEffDW9EtZ1y2vBYgq8T,2018-08-17,87,0.687,0.792,5.0,-2.749,1.0,0.0452,0.191,0.0,0.167,0.671,100.011,214290.0,4.0,aa
5KbBVSj6AJZ5662fO8EYFh,El Merengue,Marshmello,64KEffDW9EtZ1y2vBYgq8T,2023-11-03,78,0.777,0.774,8.0,-3.079,0.0,0.0553,0.0895,0.000401,0.0909,0.661,123.982,189669.0,4.0,bb
0PB0O24JqAuNdOAFVJljMS,Coco Chanel,Eladio Carrion,5XJDexmWFLWOkjOEjOVX3e,2023-03-17,84,0.683,0.764,2.0,-5.995,1.0,0.0441,0.0427,0.0,0.0963,0.137,149.949,160325.0,4.0,cc
4pcafPzLDSqQktqSpxHL3E,THUNDER Y LIGHTNING,Eladio Carrion,5XJDexmWFLWOkjOEjOVX3e,2023-10-13,81,0.552,0.744,4.0,-2.656,0.0,0.124,0.496,0.0,0.112,0.627,156.027,217133.0,4.0,aa
6FvMc0dfKvSbzFmqfT1GoG,TQMQA,Eladio Carrion,5XJDexmWFLWOkjOEjOVX3e,2023-12-14,80,,,,,,,,,,,,,,bb
1MB8kTH7VKvAMfL9SHgJmG,VAGABUNDO,Sebastian Yatra,07YUOmWljBTXwIseAUd9TW,2023-05-12,86,0.817,0.851,11.0,-3.309,0.0,0.0627,0.0351,0.0,0.232,0.886,127.019,215600.0,4.0,cc
6ylDpki1VpIsc525KC1ojF,Tacones Rojos,Sebastian Yatra,07YUOmWljBTXwIseAUd9TW,2022-01-28,78,0.746,0.844,11.0,-3.499,0.0,0.0359,0.062,0.0,0.149,0.934,123.014,189333.0,4.0,aa
655JkvIwu2rDCaD1hPf04g,Pareja Del Año,Sebastian Yatra,07YUOmWljBTXwIseAUd9TW,2022-01-28,78,0.715,0.611,4.0,-5.094,0.0,0.0519,0.176,0.0,0.0949,0.776,79.971,195333.0,4.0,bb
671fHUAB2n0MocazS1bMB8,Por Dentro,Rels B,2IMZYfNi21MGqxopj9fWx8,2023-11-23,86,0.833,0.754,1.0,-5.215,0.0,0.288,0.0813,0.0,0.161,0.652,107.024,166046.0,4.0,cc
3fjN3y5x4hN53rykAN2LHQ,cómo dormiste?,Rels B,2IMZYfNi21MGqxopj9fWx8,2022-08-04,84,0.627,0.429,1.0,-8.255,1.0,0.234,0.238,0.0,0.122,0.565,126.426,112572.0,5.0,aa
7MmrcXVA7A5zZ2CbDuGHNa,A Mí,Rels B,2IMZYfNi21MGqxopj9fWx8,2019-02-21,84,0.846,0.548,1.0,-6.397,1.0,0.256,0.241,0.0713,0.0419,0.516,94.925,209680.0,4.0,bb
6irysuQyZWd7Bjj7ePiOs2,Holanda,Jhayco,6nVcHLIgY5pE2YCl8ubca1,2023-07-28,87,0.831,0.759,1.0,-3.627,0.0,0.0502,0.277,0.0,0.125,0.244,107.961,231693.0,4.0,cc
4MzXwWMhyBbmu6hOcLVD49,DÁKITI,Jhayco,6nVcHLIgY5pE2YCl8ubca1,2020-11-27,79,0.731,0.573,4.0,-10.059,0.0,0.0544,0.401,5.22e-05,0.113,0.145,109.928,205090.0,4.0,aa
2beS6dD5rovBxSA1zYoSHR,No Me Conoce - Remix,Jhayco,6nVcHLIgY5pE2YCl8ubca1,2019-05-24,84,0.804,0.787,10.0,-3.824,0.0,0.0746,0.14,0.0,0.0927,0.562,91.974,309120.0,4.0,bb
1Hs1uUl8o2VtDp1DABFq0O,Los del Espacio,Maria Becerra,1DxLCyH42yaHKGK3cl5bvG,2023-06-01,86,0.813,0.682,0.0,-3.598,1.0,0.0402,0.107,0.0,0.108,0.634,120.011,338000.0,4.0,cc
3oNnzH6hmqIGIhJ1NcHlrh,CORAZÓN VACÍO,Maria Becerra,1DxLCyH42yaHKGK3cl5bvG,2023-06-22,83,0.681,0.792,1.0,-4.795,1.0,0.0587,0.334,2.05e-06,0.295,0.4,98.09,160536.0,4.0,aa
1zgTTXWby9R40Gj9rHgH8e,El Amor de Mi Vida,Maria Becerra,1DxLCyH42yaHKGK3cl5bvG,2023-08-17,83,,,,,,,,,,,,,,bb
3qQbCzHBycnDpGskqOWY0E,Ella Baila Sola,Eslabon Armado,0XeEobZplHxzM9QzFQWLiR,2023-04-28,86,0.668,0.758,5.0,-5.176,0.0,0.0332,0.483,1.89e-05,0.0837,0.834,147.989,165671.0,3.0,cc
3NqBxTOMCJ3zW9CIP51td4,Jugaste y Sufrí,Eslabon Armado,0XeEobZplHxzM9QzFQWLiR,2020-12-18,79,0.39,0.499,7.0,-7.778,1.0,0.0381,0.632,0.000497,0.115,0.34,200.156,275194.0,1.0,aa
6X5WZbJzXtk6aO03HlxuZ9,Así Lo Quiso Dios,Eslabon Armado,0XeEobZplHxzM9QzFQWLiR,2023-04-28,78,0.698,0.664,8.0,-4.027,0.0,0.0406,0.302,0.0,0.268,0.747,144.981,205300.0,3.0,bb
7MVIfkyzuUmQ716j8U7yGR,Rara Vez,Taiu,5szJHKg5xeUlQ9pTqzdpic,2023-02-08,87,0.838,0.708,5.0,-4.668,0.0,0.166,0.176,0.0,0.343,0.96,119.984,128677.0,4.0,cc
0TUW9faHNaBmi89wsYGp9y,Mamichula - con Nicki Nicole,Taiu,5szJHKg5xeUlQ9pTqzdpic,2020-07-23,81,0.696,0.678,4.0,-5.893,0.0,0.0735,0.582,2.22e-06,0.134,0.346,91.985,219202.0,4.0,aa
0et5kHSyE7vNPbysINU6vy,Imposible,Taiu,5szJHKg5xeUlQ9pTqzdpic,2023-09-01,50,0.731,0.632,3.0,-4.59,0.0,0.256,0.183,0.0,0.15,0.637,87.003,169653.0,4.0,bb
32hCeeK3ayPux4UauNPsgA,ALV,Arcángel,4SsVbpTthjScTS7U2hmr1X,2023-11-17,85,0.777,0.65,11.0,-4.156,0.0,0.213,0.128,0.0,0.116,0.401,93.051,160040.0,4.0,cc
2mnXxnrX5vCGolNkaFvVeM,La Jumpa,Arcángel,4SsVbpTthjScTS7U2hmr1X,2022-12-01,80,0.887,0.234,9.0,-14.52,1.0,0.178,0.111,0.67,0.13,0.197,140.02,196800.0,4.0,aa
6NSMQFKgjpQb0KkjMDYIK0,Tu No Vive Asi (feat. Mambo Kingz & DJ Luian),Arcángel,4SsVbpTthjScTS7U2hmr1X,2016-09-30,80,0.815,0.514,6.0,-9.446,0.0,0.361,0.54,0.0,0.611,0.623,120.054,264000.0,4.0,bb
0O3U5iwTbiXCREMkvotJuN,EL AMOR DE SU VIDA,Grupo Frontera,6XkjpgcEsYab502Vr1bBeW,2023-08-25,91,0.616,0.834,9.0,-3.069,1.0,0.0664,0.06,0.0,0.338,0.746,151.701,165848.0,4.0,cc
2yzshFeBIwH8tWIqHEFLeD,un x100to,Grupo Frontera,6XkjpgcEsYab502Vr1bBeW,2023-08-25,87,0.571,0.72,9.0,-4.089,1.0,0.0458,0.213,0.0,0.271,0.542,83.827,194563.0,4.0,aa
5HR7yfhSCeoOHRQN05XnZQ,QUE VUELVAS,Grupo Frontera,6XkjpgcEsYab502Vr1bBeW,2023-08-25,85,0.497,0.644,10.0,-4.309,1.0,0.0443,0.188,0.0,0.114,0.779,162.542,169419.0,4.0,bb
77dMSg2VHi2wwXjXNrmcrZ,Nena Maldición (feat. Lenny Tavárez),Paulo Londra,3vQ0GE3mI0dAaxIMYe5g7z,2019-05-23,79,0.566,0.531,6.0,-6.635,1.0,0.0716,0.192,0.0,0.179,0.367,118.96,227518.0,4.0,cc
5jW3rF4URMdK7tO2xjS5EI,Tal Vez,Paulo Londra,3vQ0GE3mI0dAaxIMYe5g7z,2019-05-23,79,0.855,0.649,8.0,-2.443,1.0,0.151,0.25,0.0,0.0801,0.741,161.986,263899.0,4.0,aa
132ALUzVLmqYB4UsBj5qD6,Adan y Eva,Paulo Londra,3vQ0GE3mI0dAaxIMYe5g7z,2019-05-23,77,0.767,0.709,1.0,-4.47,1.0,0.336,0.323,0.0,0.0745,0.72,171.993,256972.0,4.0,bb
6Es8Sk3xe1HiJ2MXCfHHwR,La_Original.mp3,TINI,7vXDAI8JwjW531ouMGbfcp,2023-11-03,84,0.833,0.809,5.0,-2.751,0.0,0.0381,0.0836,0.0,0.112,0.905,128.055,140625.0,4.0,cc
04ndZkbKGthTgYSv3xS7en,Cupido,TINI,7vXDAI8JwjW531ouMGbfcp,2023-02-16,78,0.913,0.584,9.0,-5.263,1.0,0.223,0.521,5.36e-05,0.307,0.627,119.873,174370.0,4.0,aa
40vzZFWG1h60TdZPuxuX3Y,Por el Resto de Tu Vida,TINI,7vXDAI8JwjW531ouMGbfcp,2023-01-27,80,,,,,,,,,,,,,,bb
1hZsWUnLbqRw09jLAMQSsb,CLASSY 101,Young Miko,3qsKSpcV3ncke3hw52JSMB,2023-12-01,85,0.858,0.665,11.0,-4.772,1.0,0.152,0.126,0.0,0.119,0.659,100.09,195587.0,4.0,cc
6VciS3dRMpZhJiDxT8ArFi,"Young Miko: Bzrp Music Sessions, Vol. 58",Young Miko,3qsKSpcV3ncke3hw52JSMB,2024-01-10,90,,,,,,,,,,,,,,aa
3nNmRE0DxHC6ZaKkrpUumS,FINA,Young Miko,3qsKSpcV3ncke3hw52JSMB,2023-10-13,88,0.847,0.724,1.0,-5.41,1.0,0.298,0.0869,1.11e-06,0.118,0.396,94.601,216328.0,4.0,bb
3tiJUOfAEqIrLFRQgGgdoY,Un Finde | CROSSOVER #2,Big One,2OhUNb01gLwygOizYvTm0e,2023-04-04,86,0.499,0.519,11.0,-8.199,1.0,0.0595,0.109,0.0,0.276,0.848,192.147,163788.0,4.0,cc
1Hs1uUl8o2VtDp1DABFq0O,Los del Espacio,Big One,2OhUNb01gLwygOizYvTm0e,2023-06-01,86,0.813,0.682,0.0,-3.598,1.0,0.0402,0.107,0.0,0.108,0.634,120.011,338000.0,4.0,aa
6Z28dALKtAgZ7AZRfjMQjY,Mentiras | CROSSOVER #3,Big One,2OhUNb01gLwygOizYvTm0e,2023-07-25,81,0.736,0.512,11.0,-10.957,1.0,0.0771,0.00705,0.0,0.197,0.802,149.987,167600.0,4.0,bb
2OXYYCVlDZfiVtktj00ul5,Serpiente,Armonia 10,2MLibj8EtYKluK594J3D9Y,2008-05-28,63,0.758,0.765,2.0,-7.198,1.0,0.0324,0.146,9.18e-06,0.0851,0.976,134.996,121340.0,4.0,cc
5PV7NrmlRjK6aSRBZ0jMkQ,Dios Mio Has Que Me Enamore,Armonia 10,2MLibj8EtYKluK594J3D9Y,2001-11-01,61,0.611,0.78,11.0,-4.762,0.0,0.0291,0.0973,0.000461,0.056,0.889,139.353,189227.0,4.0,aa
2Kd77oLlsoQawZSf9p8FGz,Siempre Pierdo En El Amor,Armonia 10,2MLibj8EtYKluK594J3D9Y,1996-01-01,60,0.728,0.74,5.0,-6.461,1.0,0.0311,0.19,0.00115,0.369,0.909,102.934,193560.0,4.0,bb
6BnqTZLQNh3bLSuGOHqLoa,Tu Amor Fue una Mentira,Agua Marina,5ZAR5Usb11xw4KENbEE8uZ,1997-01-01,64,0.761,0.517,9.0,-11.678,1.0,0.0335,0.346,0.00385,0.0948,0.926,101.996,216867.0,4.0,cc
1fVoqge1eN65jXbw9SfsXc,Así Es el Amor,Agua Marina,5ZAR5Usb11xw4KENbEE8uZ,2001-01-01,59,,,,,,,,,,,,,,aa
5JVXtZWMJctzAscZASJpa7,Basta Ya Mi Amor,Agua Marina,5ZAR5Usb11xw4KENbEE8uZ,1996-10-01,59,0.701,0.531,7.0,-9.489,1.0,0.0427,0.611,0.0957,0.0702,0.851,105.984,210827.0,4.0,bb
0G2zPzWqVjR68iNPmx2TBe,Volando - Remix,Sech,77ziqFxp5gaInVrF2lj4ht,2021-07-08,79,0.659,0.688,6.0,-4.649,1.0,0.0673,0.207,0.0,0.113,0.632,153.979,273474.0,4.0,cc
38RIEav39FGi86jppxO0du,Ignorantes,Sech,77ziqFxp5gaInVrF2lj4ht,2020-02-29,73,0.85,0.536,1.0,-5.161,1.0,0.0599,0.267,3.89e-05,0.0996,0.505,96.029,210607.0,4.0,aa
34ZngZgo8xicbt1EE8Ob8Z,Porno,Sech,77ziqFxp5gaInVrF2lj4ht,2019-10-11,75,0.535,0.71,1.0,-2.978,0.0,0.324,0.428,0.0,0.141,0.523,92.009,212653.0,4.0,bb
6DXLO8LndZMVOHM0wNbpzg,Danza Kuduro,Don Omar,33ScadVnbm2X8kkUqOkC6Z,2010-01-01,78,0.699,0.917,0.0,-4.897,1.0,0.115,0.078,0.0,0.065,0.889,130.04,198787.0,4.0,cc
69Ej1xrGjOcHvIMtMKxK0G,Dile,Don Omar,33ScadVnbm2X8kkUqOkC6Z,2003-01-01,85,0.817,0.714,4.0,-7.501,0.0,0.141,0.184,0.000132,0.042,0.714,94.001,204600.0,4.0,aa
48NXpYRuvv9izul4oXhqS9,Salió El Sol,Don Omar,33ScadVnbm2X8kkUqOkC6Z,2006-01-01,81,0.887,0.701,4.0,-5.892,0.0,0.0873,0.106,0.00948,0.0466,0.965,110.002,315293.0,4.0,bb
6Sq7ltF9Qa7SNFBsV5Cogx,Me Porto Bonito,Chencho Corleone,37230BxxYs9ksS7OkZw3IU,2022-05-06,89,0.911,0.712,1.0,-5.105,0.0,0.0817,0.0901,2.68e-05,0.0933,0.425,92.005,178567.0,4.0,cc
3LzAFrnO7CxaeBgtQhHsAP,Corazón Roto pt. 3,Chencho Corleone,37230BxxYs9ksS7OkZw3IU,2023-09-08,84,0.841,0.741,1.0,-4.89,0.0,0.048,0.363,2.37e-06,0.0987,0.849,92.988,348400.0,4.0,aa
6mmPpaltUZK7xjNlBPQQ0p,Desesperados,Chencho Corleone,37230BxxYs9ksS7OkZw3IU,2021-12-10,81,,,,,,,,,,,,,,bb
4tYgQrGwhpvjfq4ryajgUo,El Correcto,Reik,0vR2qb8m9WHeZ5ByCbimq2,2023-10-20,81,0.805,0.691,7.0,-5.175,1.0,0.215,0.095,1.17e-05,0.234,0.455,96.016,168125.0,4.0,cc
2GSr8anleCXKLNjjjijoMZ,Yo Quisiera,Reik,0vR2qb8m9WHeZ5ByCbimq2,2005-03-02,78,0.682,0.658,2.0,-5.251,1.0,0.0432,0.0823,0.0,0.0851,0.784,77.978,217987.0,4.0,aa
0lPXFrKyl8HkdQ2E6NmNja,Ya Me Enteré,Reik,0vR2qb8m9WHeZ5ByCbimq2,2016-06-17,78,0.619,0.452,9.0,-5.449,1.0,0.028,0.502,0.0,0.122,0.174,131.981,204173.0,4.0,bb
1Hs1uUl8o2VtDp1DABFq0O,Los del Espacio,Tiago PZK,5Y3MV9DZ0d87NnVm56qSY1,2023-06-01,86,0.813,0.682,0.0,-3.598,1.0,0.0402,0.107,0.0,0.108,0.634,120.011,338000.0,4.0,cc
1kqH58eGh2ZTOHwqBIB2tM,Una Foto Remix (feat. Emilia),Tiago PZK,5Y3MV9DZ0d87NnVm56qSY1,2024-01-05,85,,,,,,,,,,,,,,aa
6VAS7m73rDopQe7BdrFMpD,"Tiago PZK: Bzrp Music Sessions, Vol. 48",Tiago PZK,5Y3MV9DZ0d87NnVm56qSY1,2021-12-29,78,0.657,0.821,8.0,-3.06,0.0,0.32,0.459,0.0,0.103,0.752,96.561,160000.0,4.0,bb
6ifUES3keWjwXgae8pXI3o,Me Rehúso,Danny Ocean,5H1nN1SzW0qNeUEZvuXjAj,2019-03-22,83,0.744,0.804,1.0,-6.327,1.0,0.0677,0.0231,0.0,0.0494,0.426,104.823,205715.0,4.0,cc
3HgvO4B5LLmdPOT2d8cSZd,Mónaco,Danny Ocean,5H1nN1SzW0qNeUEZvuXjAj,2021-05-28,81,0.699,0.654,11.0,-6.264,1.0,0.0383,0.054,7.08e-06,0.095,0.319,100.037,192313.0,4.0,aa
1UdzJEpgJxtuXAlCOvD4S0,Fuera del mercado,Danny Ocean,5H1nN1SzW0qNeUEZvuXjAj,2022-02-17,81,0.453,0.673,8.0,-5.649,1.0,0.144,0.32,0.0,0.131,0.266,92.06,159849.0,4.0,bb
4FAKtPVycI4DxoOHC01YqD,Yandel 150,Yandel,0eHQ9o50hj6ZDNBt6Ys1sD,2023-01-13,84,0.783,0.729,6.0,-3.549,0.0,0.0691,0.0492,0.000272,0.1,0.58,167.968,216148.0,4.0,cc
4PxuQB2bwMFyP6qjHDBsmb,CORLEONE,Yandel,0eHQ9o50hj6ZDNBt6Ys1sD,2023-12-22,70,0.787,0.558,6.0,-5.543,0.0,0.048,0.244,0.0,0.098,0.561,100.003,201600.0,4.0,aa
28BSTgZH1ckI8Xfy8LXaRz,Yankee 150,Yandel,0eHQ9o50hj6ZDNBt6Ys1sD,2023-06-16,77,0.72,0.821,6.0,-2.488,0.0,0.0681,0.0953,0.000167,0.0929,0.628,167.998,242667.0,4.0,bb
6OzUIp8KjuwxJnCWkXp1uL,Besos Moja2,Wisin & Yandel,1wZtkThiXbVNtj6hee6dz9,2022-12-01,80,0.736,0.727,5.0,-4.642,0.0,0.0571,0.0584,1.91e-06,0.0976,0.644,94.048,229065.0,4.0,cc
4kAtRwNRLMKuoCbxMSxUGI,Noche De Sexo,Wisin & Yandel,1wZtkThiXbVNtj6hee6dz9,2005-01-01,77,0.686,0.722,2.0,-5.4,1.0,0.256,0.108,0.0,0.494,0.515,94.006,205707.0,4.0,aa
6ksWMnPcHNyNoNf3y1BQCO,Noche De Entierro,Wisin & Yandel,1wZtkThiXbVNtj6hee6dz9,2006-09-25,76,0.868,0.764,4.0,-6.574,0.0,0.167,0.119,0.00143,0.0918,0.397,96.994,263293.0,4.0,bb
1j6xOGusnyXq3l6IryKF3G,Déjala Que Vuelva (feat. Manuel Turizo),Piso 21,4bw2Am3p9ji3mYsXNXtQcd,2018-05-11,84,0.681,0.788,1.0,-4.323,1.0,0.0785,0.0482,0.0,0.0753,0.839,170.019,220117.0,4.0,cc
059bcIhyc2SBwm6sw2AZzd,Te Vi,Piso 21,4bw2Am3p9ji3mYsXNXtQcd,2018-12-14,81,0.877,0.777,1.0,-4.246,1.0,0.117,0.0446,3.46e-05,0.0863,0.706,102.02,231848.0,4.0,aa
3lR4O0vtkhCAvVEUEWUL0S,Pa' Olvidarme De Ella,Piso 21,4bw2Am3p9ji3mYsXNXtQcd,2021-03-18,78,0.728,0.542,0.0,-5.195,1.0,0.0514,0.259,0.0,0.136,0.637,90.016,227234.0,3.0,bb
1uKjQoh8JZj9ryuYRhpd7E,Ahora Te Puedes Marchar,Luis Miguel,2nszmSgqreHSdJA3zWPyrW,1987-07-15,82,0.78,0.877,6.0,-3.683,0.0,0.0427,0.148,2.36e-06,0.0627,0.909,133.263,191973.0,4.0,cc
6F9yAYUaNbUhdlQyt5uZ3b,La Incondicional,Luis Miguel,2nszmSgqreHSdJA3zWPyrW,1988-11-25,80,0.374,0.727,10.0,-4.352,1.0,0.0309,0.237,0.0,0.134,0.283,155.127,257027.0,4.0,aa
1lKI9y1DL6QnYTZguVmACX,La Media Vuelta,Luis Miguel,2nszmSgqreHSdJA3zWPyrW,1994-08-30,80,0.631,0.683,7.0,-8.788,1.0,0.0344,0.291,0.0,0.0994,0.708,97.959,161040.0,4.0,bb
3Zin1vaMx7PjFWIOBTE4FM,Ni Me Debes Ni Te Debo,Camilo,28gNT5KBp7IjEOQoevXf9N,2023-05-19,81,0.494,0.317,6.0,-7.113,1.0,0.0298,0.728,0.0,0.173,0.483,79.535,169896.0,3.0,cc
63Zaf8Rci6eOUPqDQ4fUFx,La Mitad,Camilo,28gNT5KBp7IjEOQoevXf9N,2020-04-17,77,0.724,0.443,7.0,-3.743,1.0,0.0329,0.73,0.0,0.101,0.763,97.194,177791.0,4.0,aa
4nTduFjaTmGysc9WKNuCcs,Vida de Rico,Camilo,28gNT5KBp7IjEOQoevXf9N,2021-03-04,73,,,,,,,,,,,,,,bb
1kqH58eGh2ZTOHwqBIB2tM,Una Foto Remix (feat. Emilia),Nicki Nicole,2UZIAOlrnyZmyzt1nuXr9y,2024-01-05,85,,,,,,,,,,,,,,cc
3nr6dW6yGOd6UX3KOpkbMZ,X ESO BB,Nicki Nicole,2UZIAOlrnyZmyzt1nuXr9y,2023-08-10,82,0.8,0.501,0.0,-8.757,1.0,0.0561,0.298,0.0,0.0925,0.619,100.018,192340.0,4.0,aa
6r0TaoZh1Oc1KkuL4rC1kB,DISPARA ***,Nicki Nicole,2UZIAOlrnyZmyzt1nuXr9y,2023-05-18,79,0.81,0.657,1.0,-2.978,1.0,0.155,0.48,0.0,0.108,0.698,89.972,143936.0,4.0,bb
7K3BhSpAxZBznislvUMVtn,Last Night,Morgan Wallen,4oUHIQIBe0LHzYfvXNW4QM,2023-03-03,86,0.492,0.675,6.0,-5.456,1.0,0.0389,0.467,0.0,0.142,0.478,203.759,163855.0,4.0,cc
0PAcdVzhPO4gq1Iym9ESnK,Thinkin’ Bout Me,Morgan Wallen,4oUHIQIBe0LHzYfvXNW4QM,2023-03-03,87,0.656,0.757,3.0,-5.775,0.0,0.0308,0.492,0.0,0.117,0.429,139.971,177388.0,4.0,aa
5W4kiM2cUYBJXKRudNyxjW,You Proof,Morgan Wallen,4oUHIQIBe0LHzYfvXNW4QM,2023-03-03,84,0.732,0.839,9.0,-5.007,1.0,0.0345,0.265,0.0,0.602,0.629,119.724,157478.0,4.0,bb
1Lo0QY9cvc8sUB2vnIOxDT,Fast Car,Luke Combs,718COspgdWOnwOFpJHRZHS,2023-03-24,88,0.712,0.603,8.0,-5.52,1.0,0.0262,0.186,0.0,0.115,0.67,97.994,265493.0,4.0,cc
48UKTR66uUOT9LaUvooTNx,The Kind of Love We Make,Luke Combs,718COspgdWOnwOFpJHRZHS,2022-06-24,82,0.608,0.745,1.0,-4.13,1.0,0.0277,0.0226,6.47e-06,0.0942,0.464,102.025,224427.0,4.0,aa
2rxQMGVafnNaRaXlRMWPde,Beautiful Crazy,Luke Combs,718COspgdWOnwOFpJHRZHS,2018-06-01,83,,,,,,,,,,,,,,bb
4KULAymBBJcPRpk1yO4dOG,I Remember Everything (feat. Kacey Musgraves),Zach Bryan,40ZNYROS4zLfyyBSs2PGe2,2023-08-25,93,0.429,0.453,0.0,-7.746,1.0,0.0459,0.554,2e-06,0.102,0.155,77.639,227196.0,4.0,cc
3WMj8moIAXJhHsyLaqIIHI,Something in the Orange,Zach Bryan,40ZNYROS4zLfyyBSs2PGe2,2022-04-22,91,0.369,0.192,4.0,-12.151,0.0,0.04,0.555,8.35e-06,0.0954,0.148,175.212,228013.0,3.0,aa
2Dct3GykKZ58hpWRFfe2Qd,Heading South,Zach Bryan,40ZNYROS4zLfyyBSs2PGe2,2019-09-30,86,,,,,,,,,,,,,,bb
6RUKPb4LETWmmr3iAEQktW,Something Just Like This,The Chainsmokers,69GGBxA162lTqCwzJG5jLp,2017-04-07,88,0.617,0.635,11.0,-6.769,0.0,0.0317,0.0498,1.44e-05,0.164,0.446,103.019,247160.0,4.0,cc
7BKLCZ1jbUBVqRi2FVlTVw,Closer,The Chainsmokers,69GGBxA162lTqCwzJG5jLp,2016-07-29,86,0.748,0.524,8.0,-5.599,1.0,0.0338,0.414,0.0,0.111,0.661,95.01,244960.0,4.0,aa
0OvO2X2Q3i98dc5RcgEN3x,Jungle,The Chainsmokers,69GGBxA162lTqCwzJG5jLp,2023-09-22,83,0.596,0.667,6.0,-5.651,0.0,0.0295,0.0524,0.000109,0.205,0.217,140.002,175500.0,4.0,bb
0TQp3SpfrkWtGCyJJgMbHW,Hot Potato,The Wiggles,2JY5qzEozvTdogkDTkkOMf,1994-03-12,66,0.669,0.737,0.0,-7.974,1.0,0.0975,0.0289,0.0,0.204,0.948,170.925,81067.0,4.0,cc
5V0hwPnZnYroTZN7ZhZE2J,Rock-a-Bye Your Bear,The Wiggles,2JY5qzEozvTdogkDTkkOMf,2013-02-01,65,0.776,0.61,9.0,-6.886,1.0,0.0378,0.275,0.0,0.18,0.721,120.274,86675.0,4.0,aa
7toZuecF36JJeBq1faE2Xt,"Head, Shoulders, Knees and Toes",The Wiggles,2JY5qzEozvTdogkDTkkOMf,2017-02-17,63,0.77,0.83,9.0,-5.472,1.0,0.0326,0.0562,0.000185,0.0308,0.98,126.089,118751.0,4.0,bb
0NZPBYD5qbEWRs3PrGiRkT,Unholy (feat. Kim Petras),Sam Smith,2wY79sveU1sp5g7SokKOiI,2023-01-27,82,0.712,0.463,2.0,-7.399,1.0,0.0797,0.011,2.96e-06,0.301,0.206,131.199,156943.0,4.0,cc
1mXVgsBdtIVeCLJnSnmtdV,Too Good At Goodbyes,Sam Smith,2wY79sveU1sp5g7SokKOiI,2017-11-03,87,0.681,0.372,5.0,-8.237,1.0,0.0432,0.64,0.0,0.169,0.476,91.873,201000.0,4.0,aa
5Nm9ERjJZ5oyfXZTECKmRt,Stay With Me,Sam Smith,2wY79sveU1sp5g7SokKOiI,2014-05-26,87,,,,,,,,,,,,,,bb
5TXDeTFVRVY7Cvt0Dw4vWW,Revenge,XXXTENTACION,15UsOTVnJzReFVN1VCnxy4,2017-08-25,88,0.746,0.251,11.0,-16.169,0.0,0.259,0.782,0.00203,0.106,0.18,139.999,120027.0,4.0,cc
2ZRo7axmMPeSVUvDbGkJah,Hope,XXXTENTACION,15UsOTVnJzReFVN1VCnxy4,2018-03-16,86,0.592,0.457,9.0,-6.081,0.0,0.0603,0.661,0.000331,0.146,0.225,146.04,110886.0,4.0,aa
7AQim7LbvFVZJE3O8TYgf2,Fuck Love,XXXTENTACION,15UsOTVnJzReFVN1VCnxy4,2017-08-25,86,0.797,0.533,0.0,-9.74,0.0,0.0412,0.0172,0.000152,0.103,0.329,131.036,146520.0,4.0,bb
3xKsf9qdS1CyvXSMEid6g8,Pink + White,Frank Ocean,2h93pZq0e7k5yf4dywlkpM,2016-08-20,91,0.545,0.545,9.0,-7.362,1.0,0.107,0.667,5.48e-05,0.417,0.549,159.94,184516.0,3.0,cc
7DfFc7a6Rwfi3YQMRbDMau,Thinkin Bout You,Frank Ocean,2h93pZq0e7k5yf4dywlkpM,2012-07-10,86,0.721,0.339,0.0,-11.195,1.0,0.0532,0.409,0.00153,0.0973,0.2,129.83,200747.0,4.0,aa
3GZD6HmiNUhxXYf8Gch723,Lost,Frank Ocean,2h93pZq0e7k5yf4dywlkpM,2012-07-10,86,0.913,0.603,8.0,-4.892,1.0,0.226,0.0272,0.000503,0.167,0.497,123.061,234093.0,4.0,bb
6Kijtp0DB6VwcoJIw7PJ9W,"Imithandazo (feat. Young Stunna, DJ Maphorisa, Sizwe Alakine & Umthakathi Kush)",Kabza De Small,1bNjWBFWsAAzZSR59lRdpR,2023-10-27,73,0.806,0.767,6.0,-9.686,0.0,0.112,0.179,0.00126,0.182,0.795,113.001,351201.0,4.0,cc
7ko9EAsZ2N1ZpEBlMUkR3J,"Nana Thula (feat. Njelic, Young Stunna, Nkosazana Daughter & Xolani Guitar)",Kabza De Small,1bNjWBFWsAAzZSR59lRdpR,2023-05-19,61,0.795,0.755,1.0,-8.849,1.0,0.0551,0.00987,0.00651,0.0272,0.53,112.998,492832.0,4.0,aa
2qxgejJTaZIHNSHDD22Uhl,Abalele,Kabza De Small,1bNjWBFWsAAzZSR59lRdpR,2021-09-17,60,0.788,0.449,5.0,-16.197,0.0,0.0835,0.181,0.027,0.133,0.59,113.001,416322.0,4.0,bb
6Kijtp0DB6VwcoJIw7PJ9W,"Imithandazo (feat. Young Stunna, DJ Maphorisa, Sizwe Alakine & Umthakathi Kush)",DJ Maphorisa,0mMqD2uqwvCjFvlzo6ayGi,2023-10-27,73,0.806,0.767,6.0,-9.686,0.0,0.112,0.179,0.00126,0.182,0.795,113.001,351201.0,4.0,cc
2dIiGOrFEcADygUXWSsbzb,Particula,DJ Maphorisa,0mMqD2uqwvCjFvlzo6ayGi,2017-11-17,50,0.678,0.735,8.0,-4.725,1.0,0.0488,0.0265,2.19e-05,0.235,0.386,100.002,204655.0,4.0,aa
7ko9EAsZ2N1ZpEBlMUkR3J,"Nana Thula (feat. Njelic, Young Stunna, Nkosazana Daughter & Xolani Guitar)",DJ Maphorisa,0mMqD2uqwvCjFvlzo6ayGi,2023-05-19,61,0.795,0.755,1.0,-8.849,1.0,0.0551,0.00987,0.00651,0.0272,0.53,112.998,492832.0,4.0,bb
7ssA6kQHkrNSNx4ZLiTV8V,Uthando,Sjava,4RfOLIFy2xEmlWzXEVmLJn,2023-12-08,60,0.845,0.268,5.0,-20.731,0.0,0.105,0.0347,0.00106,0.0769,0.229,113.002,450348.0,4.0,cc
1bmZLmDu9jkzwHInzPsYLD,Umbayimbayi,Sjava,4RfOLIFy2xEmlWzXEVmLJn,2023-05-12,54,0.63,0.628,11.0,-7.019,1.0,0.0924,0.431,0.0,0.131,0.671,77.014,230000.0,4.0,aa
05A1KzxTLvShctiD0Bsydd,Sayona,Sjava,4RfOLIFy2xEmlWzXEVmLJn,2023-05-12,55,0.648,0.554,3.0,-7.202,1.0,0.0618,0.42,0.0,0.0896,0.291,95.015,227368.0,4.0,bb
6SYd9stPpCzbuLAeU3FR9K,Amalobolo,Kelvin Momo,4VlxI0WKDh7HFgHjXcfj6v,2023-12-08,66,0.794,0.436,6.0,-18.272,0.0,0.0633,0.00775,0.699,0.654,0.353,112.997,509790.0,4.0,cc
710qLZ4WOxBj7ZaVbVJtkh,"Maye Maye (feat. Azana, Stixx)",Kelvin Momo,4VlxI0WKDh7HFgHjXcfj6v,2023-12-01,60,0.875,0.374,11.0,-17.522,0.0,0.0516,0.0132,0.117,0.0394,0.661,113.002,450326.0,4.0,aa
7ssA6kQHkrNSNx4ZLiTV8V,Uthando,Kelvin Momo,4VlxI0WKDh7HFgHjXcfj6v,2023-12-08,60,0.845,0.268,5.0,-20.731,0.0,0.105,0.0347,0.00106,0.0769,0.229,113.002,450348.0,4.0,bb
3oPYVnm0LsmAQ4RobrRS29,Imnandi lento (feat. Tman Xpress),Mellow & Sleazy,5MJ5f1XKD9yu7aWfG8OGjz,2023-12-15,50,0.861,0.524,6.0,-13.325,0.0,0.0667,0.06,0.000776,0.0231,0.632,111.982,447835.0,4.0,cc
7wyxymLTOjYzcMfqd9jTDV,Wang Compromisa (feat. Focalistic & Makhekhe Jr),Mellow & Sleazy,5MJ5f1XKD9yu7aWfG8OGjz,2023-12-15,60,0.879,0.644,9.0,-10.767,1.0,0.0664,0.0884,0.157,0.0503,0.505,112.016,330875.0,4.0,aa
5O677N09WkpiDFluKb1fXh,Wena Wa Pallwa (feat. Ch'cco & LeeMcKrazy),Mellow & Sleazy,5MJ5f1XKD9yu7aWfG8OGjz,2023-07-14,60,0.821,0.45,1.0,-10.66,1.0,0.0764,0.00181,0.12,0.0591,0.158,111.999,360921.0,4.0,bb
2dIiGOrFEcADygUXWSsbzb,Particula,Nasty C,2gzWmhOZhDN6gXL49JW9qj,2017-11-17,50,0.678,0.735,8.0,-4.725,1.0,0.0488,0.0265,2.19e-05,0.235,0.386,100.002,204655.0,4.0,cc
0AWnrLw8H8wE6edp5Z2ibI,Said,Nasty C,2gzWmhOZhDN6gXL49JW9qj,2017-09-08,56,,,,,,,,,,,,,,aa
4GVQOvxTqXPLJ1rHvP0SwZ,No More,Nasty C,2gzWmhOZhDN6gXL49JW9qj,2023-09-15,51,0.715,0.59,1.0,-6.507,1.0,0.342,0.184,0.0,0.125,0.121,105.891,181108.0,4.0,bb
2THbHmoRIjbGQgP0HylMbx,Lemons (Lemonade),AKA,1QIghPIrXQQ22G1yNtAKFX,2023-02-24,53,0.767,0.525,0.0,-10.225,1.0,0.232,0.0386,2.1e-05,0.0951,0.478,98.101,259592.0,4.0,cc
6oAWlzrEbXFis7Z0kyeX0h,"All Eyes on Me (feat. Burna Boy, Da L.E.S. & JR)",AKA,1QIghPIrXQQ22G1yNtAKFX,2014-07-07,53,0.7,0.684,1.0,-6.393,1.0,0.0725,0.0143,0.0,0.073,0.48,95.169,258107.0,4.0,aa
0608p0wvaTJbwD76vMF0Jh,Company (Remix),AKA,1QIghPIrXQQ22G1yNtAKFX,2023-12-08,52,0.912,0.425,11.0,-16.439,0.0,0.087,0.00291,0.00985,0.105,0.563,113.009,416500.0,4.0,bb
14SaZBTjxlorHJQxXh01Hu,Girls Need Love (with Drake) - Remix,Summer Walker,57LYzLEk2LcFghVwuWbcuS,2018-10-19,83,0.656,0.432,6.0,-9.481,0.0,0.217,0.443,0.0,0.132,0.0897,97.022,222374.0,4.0,cc
5wttBUDyaHAR5q9fYnN3YF,prove it,Summer Walker,57LYzLEk2LcFghVwuWbcuS,2024-01-12,82,,,,,,,,,,,,,,aa
2xyx0o4xNOLLjBSbOOdcbA,Playing Games (with Bryson Tiller) - Extended Version,Summer Walker,57LYzLEk2LcFghVwuWbcuS,2019-10-04,80,0.726,0.408,11.0,-6.606,0.0,0.0614,0.603,0.0,0.225,0.459,115.918,143227.0,4.0,bb
5tpft20jhQvRlG3O7XfwWy,"Mnike (feat. DJ Maphorisa, Nandipha808, Ceeka RSA & Tyron Dee)",Tyler ICU,2oIQCM7hRZI9tS5b9S8rj4,2023-04-28,74,0.842,0.504,1.0,-7.557,1.0,0.0534,0.0246,0.0139,0.0698,0.495,112.995,391888.0,4.0,cc
4URabg9AGHasjFEVdTbWcC,Dalie (feat. Baby S.O.N),Tyler ICU,2oIQCM7hRZI9tS5b9S8rj4,2023-10-11,73,0.831,0.568,1.0,-9.984,1.0,0.0515,5e-05,0.0901,0.122,0.16,113.009,280425.0,4.0,aa
5OnDiLZlKXnBlBk2nCC9xE,"Mnike (Radio Edit) (feat. DJ Maphorisa, Nandipha808, Ceeka RSA & Tyron Dee)",Tyler ICU,2oIQCM7hRZI9tS5b9S8rj4,2023-06-02,58,0.775,0.581,1.0,-6.785,1.0,0.0359,0.0415,0.000712,0.133,0.271,113.034,193285.0,4.0,bb
2J6OF7CkpdQGSfm1wdclqn,Clouded,Brent Faiyaz,3tlXnStJ1fFhdScmQeLpuG,2020-02-07,86,0.583,0.344,2.0,-8.765,1.0,0.0559,0.774,0.0,0.143,0.581,65.203,110129.0,3.0,cc
5NijSs5dAwaIybq1GaRTIe,Poison,Brent Faiyaz,3tlXnStJ1fFhdScmQeLpuG,2016-08-03,84,,,,,,,,,,,,,,aa
0oufSLnKQDoBFX5mgkDCgR,Trust,Brent Faiyaz,3tlXnStJ1fFhdScmQeLpuG,2018-10-19,84,0.764,0.394,8.0,-8.559,1.0,0.152,0.231,9.37e-05,0.117,0.465,92.009,158421.0,4.0,bb
3BTszrSLAt9f11eWeHNTTc,Ndenzel' Uncedo Hymn 377 - Live,Joyous Celebration,6jG7VTyXJjdrVP4jNjDX9W,2021-03-26,53,0.604,0.615,8.0,-11.742,1.0,0.0375,0.00185,0.0,0.102,0.671,109.959,388867.0,3.0,cc
3j3Jn0bcG8rzliG4vHBYCa,Yesu Wena UnguMhlobo - Live,Joyous Celebration,6jG7VTyXJjdrVP4jNjDX9W,2019-04-05,52,0.276,0.601,11.0,-9.821,1.0,0.0411,0.135,0.0,0.721,0.391,104.796,349973.0,4.0,aa
5RERHb5WKrWUKoqZniCpiJ,Hallelujah Nkateko (Lihle's Version) - Live,Joyous Celebration,6jG7VTyXJjdrVP4jNjDX9W,2015-03-02,52,0.254,0.722,5.0,-4.986,1.0,0.0457,0.412,0.0,0.705,0.547,103.628,336213.0,4.0,bb
4rXLjWdF2ZZpXCVTfWcshS,fukumean,Gunna,2hlmm7s2ICUX0LVIhVFlZQ,2023-06-16,93,0.847,0.622,1.0,-6.747,0.0,0.0903,0.119,0.0,0.285,0.22,130.001,125040.0,4.0,cc
78QR3Wp35dqAhFEc2qAGjE,Drip Too Hard (Lil Baby & Gunna),Gunna,2hlmm7s2ICUX0LVIhVFlZQ,2018-10-05,86,0.897,0.662,1.0,-6.903,0.0,0.292,0.0852,0.0,0.534,0.389,112.511,145543.0,4.0,aa
1p0rEzrK7YtdRZVtiyV7RN,Lemonade (feat. NAV),Gunna,2hlmm7s2ICUX0LVIhVFlZQ,2020-08-28,81,0.8,0.658,1.0,-6.142,0.0,0.079,0.25,0.0,0.111,0.462,140.042,195429.0,4.0,bb
3pImmSzeKex5ffzsDoaL3z,Izenzo,Aymos,3xXIOO328Ieh0PWOcxivjL,2023-08-25,68,0.748,0.56,4.0,-13.918,0.0,0.0563,0.575,0.00117,0.141,0.492,112.0,414967.0,4.0,cc
1ng4byy7mejezJ08hs4P7R,Isgubhu,Aymos,3xXIOO328Ieh0PWOcxivjL,2023-10-13,57,0.822,0.571,1.0,-11.215,0.0,0.0527,0.00391,0.0572,0.0518,0.547,112.998,413839.0,4.0,aa
58u8z6ia8GTm9yZlkmtCtV,Fatela,Aymos,3xXIOO328Ieh0PWOcxivjL,2022-10-28,58,0.875,0.36,1.0,-14.033,1.0,0.106,0.0139,0.000377,0.103,0.407,112.013,351451.0,4.0,bb
4I2OqJ0qap2HFxq3JlTION,VING RHAMES,A-Reece,5TirRF3azWV5OpyufcDCFP,2023-10-20,50,0.757,0.604,1.0,-7.641,1.0,0.294,0.471,0.0,0.128,0.113,84.367,81077.0,4.0,cc
2sj4rMabpUWzy6xATdkM0u,WEST AFRICA TIME,A-Reece,5TirRF3azWV5OpyufcDCFP,2023-10-20,49,0.596,0.717,11.0,-7.679,0.0,0.369,0.239,0.0,0.273,0.422,149.61,243134.0,4.0,aa
7uloC7Sgo5KNFKrgRepyhJ,ONE TIME,A-Reece,5TirRF3azWV5OpyufcDCFP,2023-10-20,48,0.773,0.579,5.0,-7.849,0.0,0.273,0.45,0.0,0.211,0.798,119.948,184022.0,4.0,bb
1bmZLmDu9jkzwHInzPsYLD,Umbayimbayi,Inkabi Zezwe,3L21ifeFAXwNN2ui6NyG0k,2023-05-12,54,0.63,0.628,11.0,-7.019,1.0,0.0924,0.431,0.0,0.131,0.671,77.014,230000.0,4.0,cc
05A1KzxTLvShctiD0Bsydd,Sayona,Inkabi Zezwe,3L21ifeFAXwNN2ui6NyG0k,2023-05-12,55,0.648,0.554,3.0,-7.202,1.0,0.0618,0.42,0.0,0.0896,0.291,95.015,227368.0,4.0,aa
0KG5PG0nz6MmKLbDWtmpdk,Khaya Lami,Inkabi Zezwe,3L21ifeFAXwNN2ui6NyG0k,2023-05-12,50,0.676,0.459,4.0,-8.84,1.0,0.0365,0.396,0.0,0.0982,0.498,82.492,255273.0,3.0,bb
0u2P5u6lvoDfwTYjAADbn4,lovely (with Khalid),Khalid,6LuN9FCkKOj5PcnpouEgny,2018-04-19,91,0.351,0.296,4.0,-10.109,0.0,0.0333,0.934,0.0,0.095,0.12,115.284,200186.0,4.0,cc
7FGq80cy8juXBCD2nrqdWU,Eastside (with Halsey & Khalid),Khalid,6LuN9FCkKOj5PcnpouEgny,2018-12-07,82,0.632,0.686,6.0,-7.665,0.0,0.243,0.549,0.0,0.2,0.329,89.949,170770.0,4.0,aa
7vGuf3Y35N4wmASOKLUVVU,Silence,Khalid,6LuN9FCkKOj5PcnpouEgny,2017-08-11,84,0.52,0.761,4.0,-3.093,1.0,0.0853,0.256,4.96e-06,0.17,0.286,141.971,180823.0,4.0,bb
4k5FlWz3dfhyQzmRpVPZsW,Hamba Juba,Murumba Pitch,3cd7plsjSmDdQ0oHESYHC4,2023-02-17,61,0.813,0.737,6.0,-7.439,1.0,0.0413,0.0146,0.000769,0.0847,0.538,112.006,480016.0,4.0,cc
4hDjmMljGvNZuYUXw1HWw3,Wena Dali,Murumba Pitch,3cd7plsjSmDdQ0oHESYHC4,2022-11-04,56,0.851,0.42,5.0,-11.515,0.0,0.0772,0.0943,0.00986,0.0901,0.562,112.002,368620.0,4.0,aa
1kKltSWkRUTB7LYVFJXS2w,Esangweni,Murumba Pitch,3cd7plsjSmDdQ0oHESYHC4,2022-11-04,55,0.856,0.569,6.0,-8.974,0.0,0.048,0.0649,0.00884,0.258,0.32,110.016,375324.0,4.0,bb
7wcjeveluiW5djtxLCxNSx,Thath'Indawo (Live),Spirit Of Praise,4WN1JAeUnvBiLteTeFSwUa,2022-09-16,57,0.38,0.646,0.0,-8.379,1.0,0.0678,0.555,1.29e-06,0.135,0.315,105.845,473248.0,4.0,cc
0yAyBZ0S4Pnaz2cH4K1w1b,Moy’ Oyingcwele (Live),Spirit Of Praise,4WN1JAeUnvBiLteTeFSwUa,2023-09-15,48,0.375,0.846,6.0,-7.018,1.0,0.0769,0.0803,0.000102,0.178,0.39,108.783,500088.0,3.0,aa
6Cu35kyDyoWUioEWyiYTpS,Elshadai Adonai Medley (Live),Spirit Of Praise,4WN1JAeUnvBiLteTeFSwUa,2014-11-07,49,0.303,0.572,3.0,-8.096,1.0,0.0566,0.515,0.0,0.0756,0.22,108.935,420160.0,4.0,bb
1CrwpdodnkXcjPSrg8kw9g,Gangnam Style (feat. DJ Maphorisa & Kabza De Small),Mas Musiq,3fdFRgy3GmfiWQqeKbmFS8,2023-04-21,54,0.926,0.733,2.0,-12.642,0.0,0.056,0.0632,0.000135,0.04,0.905,111.01,350310.0,4.0,cc
3PdO57q0KLWkfWXsXQJlV6,Sengizwile (feat. Aymos & Young Stunna),Mas Musiq,3fdFRgy3GmfiWQqeKbmFS8,2021-10-01,58,0.813,0.632,3.0,-9.723,0.0,0.0482,0.0283,0.000759,0.137,0.777,112.044,420039.0,4.0,aa
1juCUMeUqFP7oId0SR2Yfg,"Uzozisola (feat. Aymos, Kabza De Small & DJ Maphorisa)",Mas Musiq,3fdFRgy3GmfiWQqeKbmFS8,2021-10-01,49,0.87,0.633,11.0,-8.32,0.0,0.0611,0.0192,4.74e-05,0.137,0.732,112.028,420039.0,4.0,bb
33PDDaCzc8AM8J5EKjO7v2,uNonkosi (feat. Deeper Phil & Mfundo Da DJ),Young Stunna,6WQFTzqYHmh8Ph2X0L0QLQ,2023-08-18,59,0.884,0.706,1.0,-11.807,1.0,0.076,0.018,0.00125,0.392,0.617,112.005,351468.0,4.0,cc
65NAMIdsZkxYIM5ui8SJSw,SETE (feat. Young Stunna & Blxckie),Young Stunna,6WQFTzqYHmh8Ph2X0L0QLQ,2022-09-16,54,0.797,0.627,4.0,-7.096,0.0,0.0698,0.183,0.0,0.156,0.606,96.019,249533.0,4.0,aa
3PdO57q0KLWkfWXsXQJlV6,Sengizwile (feat. Aymos & Young Stunna),Young Stunna,6WQFTzqYHmh8Ph2X0L0QLQ,2021-10-01,58,0.813,0.632,3.0,-9.723,0.0,0.0482,0.0283,0.000759,0.137,0.777,112.044,420039.0,4.0,bb
2OQJKTtrH482waGFmOfJni,We Own It (Fast & Furious),2 Chainz,17lzZA2AlOHwCwFALHttmp,2013-01-01,72,0.563,0.902,1.0,-4.586,0.0,0.402,0.0545,0.0,0.0524,0.559,171.999,227907.0,4.0,cc
2tvYu1CPNCTmViowWzGw86,Presha,2 Chainz,17lzZA2AlOHwCwFALHttmp,2023-11-17,63,0.888,0.553,1.0,-7.758,1.0,0.43,0.00666,0.0,0.135,0.61,75.497,185058.0,4.0,aa
6LVNGPtSPpc4KDFjvLS8c1,Long Story Short,2 Chainz,17lzZA2AlOHwCwFALHttmp,2023-11-17,64,0.843,0.85,2.0,-4.577,1.0,0.217,0.266,0.0,0.414,0.571,136.969,210339.0,4.0,bb
5wG3HvLhF6Y5KTGlK0IW3J,Trance (with Travis Scott & Young Thug),Young Thug,50co4Is1HCEo8bhOyUWKpn,2022-12-02,89,0.571,0.549,1.0,-7.38,0.0,0.404,0.18,0.0,0.168,0.447,119.497,194787.0,4.0,cc
47yD0e9MCRIB8dgUXPfyW3,pop ur shit,Young Thug,50co4Is1HCEo8bhOyUWKpn,2024-01-12,83,,,,,,,,,,,,,,aa
4ea9w8c4ROqiZpJVhfBA3m,Hot (Remix) [feat. Gunna and Travis Scott],Young Thug,50co4Is1HCEo8bhOyUWKpn,2019-12-20,78,,,,,,,,,,,,,,bb
1CrwpdodnkXcjPSrg8kw9g,Gangnam Style (feat. DJ Maphorisa & Kabza De Small),Daliwonga,0oW137oXCLwA5b4uYRxvIn,2023-04-21,54,0.926,0.733,2.0,-12.642,0.0,0.056,0.0632,0.000135,0.04,0.905,111.01,350310.0,4.0,cc
0Ek5bneviajgSzZGonWfds,Abo Mvelo (feat. Mellow & Sleazy & M.J),Daliwonga,0oW137oXCLwA5b4uYRxvIn,2022-03-18,58,0.876,0.507,10.0,-11.035,0.0,0.0482,0.0172,0.00117,0.0746,0.583,112.003,480000.0,4.0,aa
3js04Z5R4L1ZvtLPopSG8l,Kunkra (feat. Xduppy & ShaunMusiq & Ftears),Daliwonga,0oW137oXCLwA5b4uYRxvIn,2023-06-16,58,0.756,0.399,10.0,-12.881,0.0,0.0812,0.00324,0.329,0.139,0.264,111.987,317176.0,4.0,bb
5ZJGv7aGdIr9IGpxzSG18T,Everybody (feat. Lil Uzi Vert),Lil Uzi Vert,4O15NlyKLIASxsJ0PrXPfz,2023-12-08,88,0.736,0.769,11.0,-5.546,0.0,0.258,0.027,0.0,0.23,0.388,137.947,180870.0,4.0,cc
1jKlRcH7X78ps1yKBTWyUV,Lucid Dreams (feat. Lil Uzi Vert) - Remix,Lil Uzi Vert,4O15NlyKLIASxsJ0PrXPfz,2021-05-28,65,0.443,0.579,6.0,-6.517,0.0,0.187,0.125,0.0,0.284,0.256,83.827,240437.0,4.0,aa
4Ls53fBNVfaXTROBi6X8Hw,Just Wanna Rock,Lil Uzi Vert,4O15NlyKLIASxsJ0PrXPfz,2023-06-30,81,,,,,,,,,,,,,,bb
30QR0ndUdiiMQMA9g1PGCm,"...And to Those I Love, Thanks for Sticking Around",$uicideboy$,1VPmR4DJC1PlOtd0IADAO0,2020-02-14,82,0.792,0.511,2.0,-6.876,1.0,0.0409,0.124,9.04e-05,0.14,0.111,113.983,168490.0,4.0,cc
5UGAXwbA17bUC0K9uquGY2,Antarctica,$uicideboy$,1VPmR4DJC1PlOtd0IADAO0,2016-01-26,82,0.715,0.633,2.0,-6.869,1.0,0.0804,0.553,4.45e-06,0.0905,0.319,105.945,126850.0,5.0,aa
0kEZlJh4mK1QRfb3CT5LPk,Kill Yourself (Part III),$uicideboy$,1VPmR4DJC1PlOtd0IADAO0,2015-09-21,81,0.753,0.68,5.0,-7.092,0.0,0.0349,0.326,4.15e-05,0.423,0.192,105.977,145078.0,4.0,bb
0fyP96TikhD9sM4eKqw5Yp,dangerous,Lil Durk,3hcs9uc56yIGFCSy9leWe7,2024-01-12,83,,,,,,,,,,,,,,cc
6T7FXSuXykeGktMLGp8WgE,All My Life (feat. J. Cole),Lil Durk,3hcs9uc56yIGFCSy9leWe7,2023-05-26,77,0.787,0.57,3.0,-5.881,1.0,0.225,0.0449,0.0,0.135,0.733,142.974,223879.0,4.0,aa
2SAqBLGA283SUiwJ3xOUVI,Laugh Now Cry Later (feat. Lil Durk),Lil Durk,3hcs9uc56yIGFCSy9leWe7,2020-08-14,81,0.761,0.518,0.0,-8.871,1.0,0.134,0.244,3.47e-05,0.107,0.522,133.976,261493.0,4.0,bb
1f5cbQtDrykjarZVrShaDI,Drowning (feat. Kodak Black),A Boogie Wit da Hoodie,31W5EY0aAly4Qieq6OFu6I,2017-09-29,81,0.839,0.81,5.0,-5.274,0.0,0.0568,0.501,0.0,0.117,0.814,129.014,209269.0,4.0,cc
5uQOauh47VFt3B2kV9kRXw,My Shit,A Boogie Wit da Hoodie,31W5EY0aAly4Qieq6OFu6I,2016-09-16,81,0.812,0.621,5.0,-8.3,1.0,0.0515,0.244,0.0,0.099,0.847,77.998,128157.0,4.0,aa
2xB46Bj9HZ4cr058yN4Pla,Secrets,A Boogie Wit da Hoodie,31W5EY0aAly4Qieq6OFu6I,2020-06-19,80,0.539,0.648,4.0,-6.008,1.0,0.0619,0.118,0.0,0.362,0.403,91.066,133331.0,4.0,bb
7KA4W4McWYRpgf0fWsJZWB,See You Again (feat. Kali Uchis),"Tyler, The Creator",4V8LLVI7PbaPR0K2TGSxFF,2017-07-21,92,0.558,0.559,6.0,-9.222,1.0,0.0959,0.371,7.49e-06,0.109,0.62,78.558,180387.0,4.0,cc
0fv2KH6hac06J86hBUTcSf,NEW MAGIC WAND,"Tyler, The Creator",4V8LLVI7PbaPR0K2TGSxFF,2019-05-17,84,0.621,0.73,5.0,-5.414,0.0,0.107,0.0967,0.000131,0.673,0.464,139.566,195320.0,4.0,aa
5hVghJ4KaYES3BFUATCYn0,EARFQUAKE,"Tyler, The Creator",4V8LLVI7PbaPR0K2TGSxFF,2019-05-17,83,0.554,0.498,9.0,-8.866,1.0,0.0685,0.23,5.98e-06,0.795,0.413,79.635,190067.0,4.0,bb
0mflMxspEfB0VbI1kyLiAv,Stick Season,Noah Kahan,2RQXRUsr4IW1f3mKyKsy4B,2022-10-14,96,0.662,0.488,9.0,-6.894,1.0,0.0682,0.782,0.0,0.102,0.817,117.913,182347.0,4.0,cc
22VHOlVYBqytsrAqV8yXBK,Dial Drunk (with Post Malone),Noah Kahan,2RQXRUsr4IW1f3mKyKsy4B,2023-07-18,87,0.667,0.613,8.0,-7.147,1.0,0.0313,0.121,0.0,0.113,0.681,112.046,213817.0,4.0,aa
4oEf84vBYVftf6KmZexhVo,Northern Attitude (with Hozier),Noah Kahan,2RQXRUsr4IW1f3mKyKsy4B,2023-11-10,84,0.486,0.64,3.0,-8.027,1.0,0.0551,0.136,7.58e-05,0.105,0.289,122.017,267256.0,4.0,bb
2YSzYUF3jWqb9YP9VXmpjE,IDGAF (feat. Yeat),Yeat,3qiHUAX7zY4Qnjx8TNUzVx,2023-10-06,92,0.663,0.67,8.0,-8.399,1.0,0.271,0.0464,8.92e-05,0.205,0.138,136.952,260111.0,4.0,cc
6IyoLWzljeR3ldQo4KWHT6,Out thë way,Yeat,3qiHUAX7zY4Qnjx8TNUzVx,2022-09-09,84,0.767,0.628,4.0,-7.41,0.0,0.242,0.21,8.79e-06,0.275,0.798,128.07,150242.0,4.0,aa
1a019wP7IdYLexwbmfZPm3,Flawlëss (feat. Lil Uzi Vert),Yeat,3qiHUAX7zY4Qnjx8TNUzVx,2022-09-09,82,0.474,0.805,1.0,-5.997,1.0,0.332,0.0715,0.0,0.147,0.109,131.001,176125.0,4.0,bb
1VLtjHwRWOVJiE5Py7JxoQ,Martin & Gina,Polo G,6AgTAQt8XS6jRWi4sX7w49,2020-05-15,83,0.832,0.534,1.0,-7.813,0.0,0.253,0.345,0.0,0.165,0.116,93.924,132833.0,4.0,cc
18vXApRmJSgQ6wG2ll9AOg,RAPSTAR,Polo G,6AgTAQt8XS6jRWi4sX7w49,2021-06-11,81,0.789,0.536,6.0,-6.862,1.0,0.242,0.41,0.0,0.129,0.437,81.039,165926.0,4.0,aa
6uFn47ACjqYkc0jADwEdj1,Pop Out (feat. Lil Tjay),Polo G,6AgTAQt8XS6jRWi4sX7w49,2019-06-07,80,0.772,0.639,1.0,-7.119,1.0,0.467,0.15,0.0,0.0698,0.261,168.112,166560.0,4.0,bb
79s5XnCN4TJKTVMSmOx8Ep,Dior,Pop Smoke,0eDvMgVFoNV3TpwtrVCoTj,2019-07-26,83,0.548,0.805,7.0,-5.732,1.0,0.351,0.212,0.000389,0.408,0.648,142.094,216387.0,4.0,cc
1tkg4EHVoqnhR6iFEXb60y,What You Know Bout Love,Pop Smoke,0eDvMgVFoNV3TpwtrVCoTj,2020-07-03,82,0.709,0.548,10.0,-8.493,1.0,0.353,0.65,1.59e-06,0.133,0.543,83.995,160000.0,4.0,aa
0PvFJmanyNQMseIFrU708S,For The Night (feat. Lil Baby & DaBaby),Pop Smoke,0eDvMgVFoNV3TpwtrVCoTj,2020-07-03,80,0.823,0.586,6.0,-6.606,0.0,0.2,0.114,0.0,0.193,0.347,125.971,190476.0,4.0,bb
